================================================================================
Started: 2026-06-17T12:51:14
Args: {'train_h5': PosixPath('/lustre/home/mariyam/GMI_1C-R/fixed_train/train_fixed_360k.h5'), 'val_h5': PosixPath('/lustre/home/mariyam/GMI_1C-R/fixed_val/val_fixed_50k.h5'), 'save_dir': PosixPath('checkpoints_recover_lr3e5_from_epoch38'), 'use_static': False, 'fill_target_nan': '0.0', 'loss': 'mse', 'batch_size': 64, 'val_batch_size': 128, 'epochs': 60, 'val_every': 1, 'max_train_batches': None, 'max_val_batches': None, 'lr': 3e-05, 'weight_decay': 0.0, 'seed': 42, 'base_filters': [8, 16, 32, 64], 'use_batchnorm': False, 'final_activation': 'identity', 'amp': False, 'grad_clip': 1.0, 'resume': PosixPath('checkpoints_recover_epoch14_lr1e4_noamp_clip/best_unet.pt'), 'save_every_epoch': False, 'early_stop_patience': 20, 'scheduler_patience': 6, 'scheduler_factor': 0.5, 'min_lr': 1e-06, 'log_every': 100}
================================================================================
Device: cuda
GPU: NVIDIA L40S

Train H5 info:
  path: /lustre/home/mariyam/GMI_1C-R/fixed_train/train_fixed_360k.h5
  n: 360000
  x_gmi_shape: (360000, 78, 40, 40)
  y_shape: (360000, 13, 40, 40)
  has_static: False
  x_static_shape: None
  x_gmi_chunks: (128, 10, 5, 5)
  y_chunks: (128, 2, 5, 10)
  compression_x_gmi: lzf
  compression_y: lzf
  attrs: {'lat_max': '70.0', 'lat_min': '-70.0', 'max_permanent_invalid_fraction': '0.3', 'min_target_valid_fraction': '0.7', 'num_patches_actual': '360000', 'num_patches_target': '360000', 'patch_size': '40', 'seed': '42', 'stride': '20', 'use_static': 'False'}

Val H5 info:
  path: /lustre/home/mariyam/GMI_1C-R/fixed_val/val_fixed_50k.h5
  n: 50000
  x_gmi_shape: (50000, 78, 40, 40)
  y_shape: (50000, 13, 40, 40)
  has_static: False
  x_static_shape: None
  x_gmi_chunks: (128, 10, 5, 5)
  y_chunks: (128, 2, 5, 10)
  compression_x_gmi: lzf
  compression_y: lzf
  attrs: {'min_valid_fraction': '0.7', 'num_patches_actual': '50000', 'num_patches_target': '50000', 'patch_size': '40', 'sampling': 'balanced random stride-aligned sampling from original validation days', 'seed': '999', 'stride': '20', 'use_static': 'False'}

Model:
  in_channels: 78
  out_channels: 13
  parameters: 491,325
  train batches/epoch: 5,625
  val batches: 391
  train batch size: 64
  val batch size: 128
AMP: False
Loss: mse

Resuming from checkpoints_recover_epoch14_lr1e4_noamp_clip/best_unet.pt
Reset optimizer LR to 3e-05
  start_epoch: 39
  best_val_loss: 33.59253692687988
  best_epoch: 38

--------------------------------------------------------------------------------
Starting epoch 39/60 at 2026-06-17T12:51:43
[epoch 039 step 000100/005625] batch_loss=31.574730 running_train_loss=33.704546
[epoch 039 step 000200/005625] batch_loss=38.183361 running_train_loss=33.290404
[epoch 039 step 000300/005625] batch_loss=25.969032 running_train_loss=33.250428
[epoch 039 step 000400/005625] batch_loss=25.562986 running_train_loss=32.900969
[epoch 039 step 000500/005625] batch_loss=30.325029 running_train_loss=33.059486
[epoch 039 step 000600/005625] batch_loss=29.907368 running_train_loss=33.144204
[epoch 039 step 000700/005625] batch_loss=33.646507 running_train_loss=33.101657
[epoch 039 step 000800/005625] batch_loss=36.537342 running_train_loss=33.052381
[epoch 039 step 000900/005625] batch_loss=28.421373 running_train_loss=33.005699
[epoch 039 step 001000/005625] batch_loss=31.314201 running_train_loss=33.159615
[epoch 039 step 001100/005625] batch_loss=24.828358 running_train_loss=33.067588
[epoch 039 step 001200/005625] batch_loss=30.266251 running_train_loss=33.009647
[epoch 039 step 001300/005625] batch_loss=27.798344 running_train_loss=33.008234
[epoch 039 step 001400/005625] batch_loss=32.381531 running_train_loss=32.959455
[epoch 039 step 001500/005625] batch_loss=32.690228 running_train_loss=32.856478
[epoch 039 step 001600/005625] batch_loss=32.194725 running_train_loss=32.844862
[epoch 039 step 001700/005625] batch_loss=29.457575 running_train_loss=32.745671
[epoch 039 step 001800/005625] batch_loss=35.988472 running_train_loss=32.617533
[epoch 039 step 001900/005625] batch_loss=34.457344 running_train_loss=32.585447
[epoch 039 step 002000/005625] batch_loss=24.527687 running_train_loss=32.562292
[epoch 039 step 002100/005625] batch_loss=31.113943 running_train_loss=32.547475
[epoch 039 step 002200/005625] batch_loss=27.790211 running_train_loss=32.513531
[epoch 039 step 002300/005625] batch_loss=34.595287 running_train_loss=32.481820
[epoch 039 step 002400/005625] batch_loss=26.536900 running_train_loss=32.457511
[epoch 039 step 002500/005625] batch_loss=40.995834 running_train_loss=32.411857
[epoch 039 step 002600/005625] batch_loss=28.127848 running_train_loss=32.391501
[epoch 039 step 002700/005625] batch_loss=32.114620 running_train_loss=32.372313
[epoch 039 step 002800/005625] batch_loss=35.078285 running_train_loss=32.391555
[epoch 039 step 002900/005625] batch_loss=41.116203 running_train_loss=32.402305
[epoch 039 step 003000/005625] batch_loss=23.722326 running_train_loss=32.407308
[epoch 039 step 003100/005625] batch_loss=34.597351 running_train_loss=32.392612
[epoch 039 step 003200/005625] batch_loss=34.900242 running_train_loss=32.389276
[epoch 039 step 003300/005625] batch_loss=28.257830 running_train_loss=32.398557
[epoch 039 step 003400/005625] batch_loss=30.344255 running_train_loss=32.375912
[epoch 039 step 003500/005625] batch_loss=23.053246 running_train_loss=32.380340
[epoch 039 step 003600/005625] batch_loss=25.935015 running_train_loss=32.405310
[epoch 039 step 003700/005625] batch_loss=32.091629 running_train_loss=32.400021
[epoch 039 step 003800/005625] batch_loss=38.951565 running_train_loss=32.383199
[epoch 039 step 003900/005625] batch_loss=35.201092 running_train_loss=32.412129
[epoch 039 step 004000/005625] batch_loss=30.540373 running_train_loss=32.446787
[epoch 039 step 004100/005625] batch_loss=44.368977 running_train_loss=32.464944
[epoch 039 step 004200/005625] batch_loss=28.901482 running_train_loss=32.445972
[epoch 039 step 004300/005625] batch_loss=38.120426 running_train_loss=32.462294
[epoch 039 step 004400/005625] batch_loss=37.287090 running_train_loss=32.442635
[epoch 039 step 004500/005625] batch_loss=25.410679 running_train_loss=32.421917
[epoch 039 step 004600/005625] batch_loss=31.638546 running_train_loss=32.412403
[epoch 039 step 004700/005625] batch_loss=26.219585 running_train_loss=32.454646
[epoch 039 step 004800/005625] batch_loss=28.665241 running_train_loss=32.438304
[epoch 039 step 004900/005625] batch_loss=32.425533 running_train_loss=32.439581
[epoch 039 step 005000/005625] batch_loss=24.555490 running_train_loss=32.484993
[epoch 039 step 005100/005625] batch_loss=37.379654 running_train_loss=32.499294
[epoch 039 step 005200/005625] batch_loss=29.132675 running_train_loss=32.492182
[epoch 039 step 005300/005625] batch_loss=31.505424 running_train_loss=32.485490
[epoch 039 step 005400/005625] batch_loss=32.384861 running_train_loss=32.481693
[epoch 039 step 005500/005625] batch_loss=27.004887 running_train_loss=32.474768
[epoch 039 step 005600/005625] batch_loss=39.545429 running_train_loss=32.588450
Validation starting ...
Saved new best model: val_loss=33.491064
Epoch [039/60] train_loss=32.581964 val_loss=33.491064 best_val=33.491064 best_epoch=39 lr=3.00e-05 time=94.8 min

--------------------------------------------------------------------------------
Starting epoch 40/60 at 2026-06-17T14:26:32
[epoch 040 step 000100/005625] batch_loss=31.589727 running_train_loss=33.609788
[epoch 040 step 000200/005625] batch_loss=38.035030 running_train_loss=33.204552
[epoch 040 step 000300/005625] batch_loss=25.933908 running_train_loss=33.153764
[epoch 040 step 000400/005625] batch_loss=25.446587 running_train_loss=32.807184
[epoch 040 step 000500/005625] batch_loss=30.328951 running_train_loss=32.967312
[epoch 040 step 000600/005625] batch_loss=29.883595 running_train_loss=33.051637
[epoch 040 step 000700/005625] batch_loss=33.659725 running_train_loss=33.016681
[epoch 040 step 000800/005625] batch_loss=36.329334 running_train_loss=32.972160
[epoch 040 step 000900/005625] batch_loss=28.459465 running_train_loss=32.929272
[epoch 040 step 001000/005625] batch_loss=31.317097 running_train_loss=33.083094
[epoch 040 step 001100/005625] batch_loss=24.674822 running_train_loss=32.992830
[epoch 040 step 001200/005625] batch_loss=30.182875 running_train_loss=32.935359
[epoch 040 step 001300/005625] batch_loss=27.758257 running_train_loss=32.933787
[epoch 040 step 001400/005625] batch_loss=32.344994 running_train_loss=32.882466
[epoch 040 step 001500/005625] batch_loss=32.709957 running_train_loss=32.782439
[epoch 040 step 001600/005625] batch_loss=32.199490 running_train_loss=32.774926
[epoch 040 step 001700/005625] batch_loss=29.672976 running_train_loss=32.676309
[epoch 040 step 001800/005625] batch_loss=35.752262 running_train_loss=32.549710
[epoch 040 step 001900/005625] batch_loss=34.440353 running_train_loss=32.519079
[epoch 040 step 002000/005625] batch_loss=24.481888 running_train_loss=32.496719
[epoch 040 step 002100/005625] batch_loss=31.160839 running_train_loss=32.482859
[epoch 040 step 002200/005625] batch_loss=27.749176 running_train_loss=32.449902
[epoch 040 step 002300/005625] batch_loss=34.509525 running_train_loss=32.417990
[epoch 040 step 002400/005625] batch_loss=26.497013 running_train_loss=32.393449
[epoch 040 step 002500/005625] batch_loss=40.959530 running_train_loss=32.348395
[epoch 040 step 002600/005625] batch_loss=28.102879 running_train_loss=32.329117
[epoch 040 step 002700/005625] batch_loss=32.029987 running_train_loss=32.311421
[epoch 040 step 002800/005625] batch_loss=35.109764 running_train_loss=32.331193
[epoch 040 step 002900/005625] batch_loss=41.072720 running_train_loss=32.342235
[epoch 040 step 003000/005625] batch_loss=23.460560 running_train_loss=32.346853
[epoch 040 step 003100/005625] batch_loss=34.627159 running_train_loss=32.334144
[epoch 040 step 003200/005625] batch_loss=34.803936 running_train_loss=32.331724
[epoch 040 step 003300/005625] batch_loss=28.228489 running_train_loss=32.341953
[epoch 040 step 003400/005625] batch_loss=30.273056 running_train_loss=32.319195
[epoch 040 step 003500/005625] batch_loss=22.788612 running_train_loss=32.324545
[epoch 040 step 003600/005625] batch_loss=25.920542 running_train_loss=32.348698
[epoch 040 step 003700/005625] batch_loss=31.829983 running_train_loss=32.343494
[epoch 040 step 003800/005625] batch_loss=38.972324 running_train_loss=32.327408
[epoch 040 step 003900/005625] batch_loss=35.153908 running_train_loss=32.356425
[epoch 040 step 004000/005625] batch_loss=30.563446 running_train_loss=32.391616
[epoch 040 step 004100/005625] batch_loss=44.212158 running_train_loss=32.410025
[epoch 040 step 004200/005625] batch_loss=29.001581 running_train_loss=32.391340
[epoch 040 step 004300/005625] batch_loss=37.809898 running_train_loss=32.407120
[epoch 040 step 004400/005625] batch_loss=37.267788 running_train_loss=32.388139
[epoch 040 step 004500/005625] batch_loss=25.491030 running_train_loss=32.367979
[epoch 040 step 004600/005625] batch_loss=31.598278 running_train_loss=32.358995
[epoch 040 step 004700/005625] batch_loss=26.146580 running_train_loss=32.401199
[epoch 040 step 004800/005625] batch_loss=28.548138 running_train_loss=32.385125
[epoch 040 step 004900/005625] batch_loss=32.376369 running_train_loss=32.386527
[epoch 040 step 005000/005625] batch_loss=24.503218 running_train_loss=32.431876
[epoch 040 step 005100/005625] batch_loss=37.075512 running_train_loss=32.446883
[epoch 040 step 005200/005625] batch_loss=29.107349 running_train_loss=32.440010
[epoch 040 step 005300/005625] batch_loss=31.546421 running_train_loss=32.433787
[epoch 040 step 005400/005625] batch_loss=32.413914 running_train_loss=32.430545
[epoch 040 step 005500/005625] batch_loss=26.945736 running_train_loss=32.422567
[epoch 040 step 005600/005625] batch_loss=39.537853 running_train_loss=32.536707
Validation starting ...
Saved new best model: val_loss=33.341536
Epoch [040/60] train_loss=32.530401 val_loss=33.341536 best_val=33.341536 best_epoch=40 lr=3.00e-05 time=8.7 min

--------------------------------------------------------------------------------
Starting epoch 41/60 at 2026-06-17T14:35:14
[epoch 041 step 000100/005625] batch_loss=31.514904 running_train_loss=33.556092
[epoch 041 step 000200/005625] batch_loss=37.988846 running_train_loss=33.167085
[epoch 041 step 000300/005625] batch_loss=25.828089 running_train_loss=33.110222
[epoch 041 step 000400/005625] batch_loss=25.447176 running_train_loss=32.760632
[epoch 041 step 000500/005625] batch_loss=30.288696 running_train_loss=32.923133
[epoch 041 step 000600/005625] batch_loss=29.770060 running_train_loss=33.008763
[epoch 041 step 000700/005625] batch_loss=33.606319 running_train_loss=32.972398
[epoch 041 step 000800/005625] batch_loss=36.202248 running_train_loss=32.927577
[epoch 041 step 000900/005625] batch_loss=28.366737 running_train_loss=32.885834
[epoch 041 step 001000/005625] batch_loss=31.200844 running_train_loss=33.047505
[epoch 041 step 001100/005625] batch_loss=24.799324 running_train_loss=32.955800
[epoch 041 step 001200/005625] batch_loss=30.080534 running_train_loss=32.898271
[epoch 041 step 001300/005625] batch_loss=27.756025 running_train_loss=32.897342
[epoch 041 step 001400/005625] batch_loss=32.283749 running_train_loss=32.846028
[epoch 041 step 001500/005625] batch_loss=32.642239 running_train_loss=32.745327
[epoch 041 step 001600/005625] batch_loss=32.101387 running_train_loss=32.735022
[epoch 041 step 001700/005625] batch_loss=29.421291 running_train_loss=32.636641
[epoch 041 step 001800/005625] batch_loss=35.715317 running_train_loss=32.511447
[epoch 041 step 001900/005625] batch_loss=34.446609 running_train_loss=32.481368
[epoch 041 step 002000/005625] batch_loss=24.509558 running_train_loss=32.459313
[epoch 041 step 002100/005625] batch_loss=31.086119 running_train_loss=32.445666
[epoch 041 step 002200/005625] batch_loss=27.792843 running_train_loss=32.412558
[epoch 041 step 002300/005625] batch_loss=34.492165 running_train_loss=32.380615
[epoch 041 step 002400/005625] batch_loss=26.343035 running_train_loss=32.356911
[epoch 041 step 002500/005625] batch_loss=40.945335 running_train_loss=32.311238
[epoch 041 step 002600/005625] batch_loss=28.383095 running_train_loss=32.291921
[epoch 041 step 002700/005625] batch_loss=32.014160 running_train_loss=32.274090
[epoch 041 step 002800/005625] batch_loss=35.144199 running_train_loss=32.293386
[epoch 041 step 002900/005625] batch_loss=40.924042 running_train_loss=32.304934
[epoch 041 step 003000/005625] batch_loss=23.653973 running_train_loss=32.310300
[epoch 041 step 003100/005625] batch_loss=34.522484 running_train_loss=32.296528
[epoch 041 step 003200/005625] batch_loss=34.876434 running_train_loss=32.293847
[epoch 041 step 003300/005625] batch_loss=28.275019 running_train_loss=32.303548
[epoch 041 step 003400/005625] batch_loss=30.125261 running_train_loss=32.281703
[epoch 041 step 003500/005625] batch_loss=22.860716 running_train_loss=32.287065
[epoch 041 step 003600/005625] batch_loss=25.817543 running_train_loss=32.310723
[epoch 041 step 003700/005625] batch_loss=31.907734 running_train_loss=32.305623
[epoch 041 step 003800/005625] batch_loss=38.879139 running_train_loss=32.290506
[epoch 041 step 003900/005625] batch_loss=35.187027 running_train_loss=32.319622
[epoch 041 step 004000/005625] batch_loss=30.579111 running_train_loss=32.355085
[epoch 041 step 004100/005625] batch_loss=44.134659 running_train_loss=32.373377
[epoch 041 step 004200/005625] batch_loss=28.814604 running_train_loss=32.354701
[epoch 041 step 004300/005625] batch_loss=37.730732 running_train_loss=32.370392
[epoch 041 step 004400/005625] batch_loss=37.173878 running_train_loss=32.351104
[epoch 041 step 004500/005625] batch_loss=25.355986 running_train_loss=32.330969
[epoch 041 step 004600/005625] batch_loss=31.536640 running_train_loss=32.322530
[epoch 041 step 004700/005625] batch_loss=26.249634 running_train_loss=32.365202
[epoch 041 step 004800/005625] batch_loss=28.426323 running_train_loss=32.348350
[epoch 041 step 004900/005625] batch_loss=32.447815 running_train_loss=32.350018
[epoch 041 step 005000/005625] batch_loss=24.576862 running_train_loss=32.395458
[epoch 041 step 005100/005625] batch_loss=37.029045 running_train_loss=32.409896
[epoch 041 step 005200/005625] batch_loss=29.160685 running_train_loss=32.403742
[epoch 041 step 005300/005625] batch_loss=31.552109 running_train_loss=32.398432
[epoch 041 step 005400/005625] batch_loss=32.398716 running_train_loss=32.395210
[epoch 041 step 005500/005625] batch_loss=26.883257 running_train_loss=32.388823
[epoch 041 step 005600/005625] batch_loss=39.721851 running_train_loss=32.501921
Validation starting ...
Saved new best model: val_loss=33.329924
Epoch [041/60] train_loss=32.495705 val_loss=33.329924 best_val=33.329924 best_epoch=41 lr=3.00e-05 time=8.6 min

--------------------------------------------------------------------------------
Starting epoch 42/60 at 2026-06-17T14:43:53
[epoch 042 step 000100/005625] batch_loss=31.431801 running_train_loss=33.506329
[epoch 042 step 000200/005625] batch_loss=37.813919 running_train_loss=33.128326
[epoch 042 step 000300/005625] batch_loss=25.813671 running_train_loss=33.090437
[epoch 042 step 000400/005625] batch_loss=25.463863 running_train_loss=32.736384
[epoch 042 step 000500/005625] batch_loss=30.220181 running_train_loss=32.903171
[epoch 042 step 000600/005625] batch_loss=29.775391 running_train_loss=32.986841
[epoch 042 step 000700/005625] batch_loss=33.567997 running_train_loss=32.950015
[epoch 042 step 000800/005625] batch_loss=36.097122 running_train_loss=32.902593
[epoch 042 step 000900/005625] batch_loss=28.420816 running_train_loss=32.866632
[epoch 042 step 001000/005625] batch_loss=31.197716 running_train_loss=33.014738
[epoch 042 step 001100/005625] batch_loss=24.748945 running_train_loss=32.924170
[epoch 042 step 001200/005625] batch_loss=30.118383 running_train_loss=32.864025
[epoch 042 step 001300/005625] batch_loss=27.742567 running_train_loss=32.861841
[epoch 042 step 001400/005625] batch_loss=32.279121 running_train_loss=32.810138
[epoch 042 step 001500/005625] batch_loss=32.655842 running_train_loss=32.709465
[epoch 042 step 001600/005625] batch_loss=31.988871 running_train_loss=32.698336
[epoch 042 step 001700/005625] batch_loss=29.431515 running_train_loss=32.600551
[epoch 042 step 001800/005625] batch_loss=35.489361 running_train_loss=32.473319
[epoch 042 step 001900/005625] batch_loss=34.330048 running_train_loss=32.443184
[epoch 042 step 002000/005625] batch_loss=24.435585 running_train_loss=32.421301
[epoch 042 step 002100/005625] batch_loss=31.156157 running_train_loss=32.406940
[epoch 042 step 002200/005625] batch_loss=27.826395 running_train_loss=32.373795
[epoch 042 step 002300/005625] batch_loss=34.445374 running_train_loss=32.342722
[epoch 042 step 002400/005625] batch_loss=26.310564 running_train_loss=32.318635
[epoch 042 step 002500/005625] batch_loss=40.853691 running_train_loss=32.274092
[epoch 042 step 002600/005625] batch_loss=28.157555 running_train_loss=32.254774
[epoch 042 step 002700/005625] batch_loss=31.987419 running_train_loss=32.236039
[epoch 042 step 002800/005625] batch_loss=35.179413 running_train_loss=32.255901
[epoch 042 step 002900/005625] batch_loss=40.771683 running_train_loss=32.267384
[epoch 042 step 003000/005625] batch_loss=23.592661 running_train_loss=32.272323
[epoch 042 step 003100/005625] batch_loss=34.552711 running_train_loss=32.257480
[epoch 042 step 003200/005625] batch_loss=34.777458 running_train_loss=32.254775
[epoch 042 step 003300/005625] batch_loss=28.134699 running_train_loss=32.265328
[epoch 042 step 003400/005625] batch_loss=30.136007 running_train_loss=32.243473
[epoch 042 step 003500/005625] batch_loss=23.020164 running_train_loss=32.248079
[epoch 042 step 003600/005625] batch_loss=25.888052 running_train_loss=32.273152
[epoch 042 step 003700/005625] batch_loss=31.835560 running_train_loss=32.268334
[epoch 042 step 003800/005625] batch_loss=38.846218 running_train_loss=32.252993
[epoch 042 step 003900/005625] batch_loss=35.203438 running_train_loss=32.281950
[epoch 042 step 004000/005625] batch_loss=30.578972 running_train_loss=32.316827
[epoch 042 step 004100/005625] batch_loss=44.168907 running_train_loss=32.335487
[epoch 042 step 004200/005625] batch_loss=28.827482 running_train_loss=32.317207
[epoch 042 step 004300/005625] batch_loss=37.718811 running_train_loss=32.332936
[epoch 042 step 004400/005625] batch_loss=37.224205 running_train_loss=32.313780
[epoch 042 step 004500/005625] batch_loss=25.328897 running_train_loss=32.293826
[epoch 042 step 004600/005625] batch_loss=31.651247 running_train_loss=32.285036
[epoch 042 step 004700/005625] batch_loss=26.129675 running_train_loss=32.327334
[epoch 042 step 004800/005625] batch_loss=28.314934 running_train_loss=32.310932
[epoch 042 step 004900/005625] batch_loss=32.416012 running_train_loss=32.312396
[epoch 042 step 005000/005625] batch_loss=24.501064 running_train_loss=32.357605
[epoch 042 step 005100/005625] batch_loss=37.045326 running_train_loss=32.372682
[epoch 042 step 005200/005625] batch_loss=29.004801 running_train_loss=32.366130
[epoch 042 step 005300/005625] batch_loss=31.510145 running_train_loss=32.359793
[epoch 042 step 005400/005625] batch_loss=32.410107 running_train_loss=32.356623
[epoch 042 step 005500/005625] batch_loss=26.873192 running_train_loss=32.349322
[epoch 042 step 005600/005625] batch_loss=39.389946 running_train_loss=32.463310
Validation starting ...
Epoch [042/60] train_loss=32.456966 val_loss=33.331667 best_val=33.329924 best_epoch=41 lr=3.00e-05 time=8.7 min

--------------------------------------------------------------------------------
Starting epoch 43/60 at 2026-06-17T14:52:32
[epoch 043 step 000100/005625] batch_loss=31.308937 running_train_loss=33.456926
[epoch 043 step 000200/005625] batch_loss=37.824364 running_train_loss=33.078071
[epoch 043 step 000300/005625] batch_loss=25.864758 running_train_loss=33.040246
[epoch 043 step 000400/005625] batch_loss=25.372253 running_train_loss=32.696666
[epoch 043 step 000500/005625] batch_loss=30.219801 running_train_loss=32.858405
[epoch 043 step 000600/005625] batch_loss=29.740005 running_train_loss=32.940408
[epoch 043 step 000700/005625] batch_loss=33.527367 running_train_loss=32.903466
[epoch 043 step 000800/005625] batch_loss=36.091961 running_train_loss=32.859807
[epoch 043 step 000900/005625] batch_loss=28.412544 running_train_loss=32.818039
[epoch 043 step 001000/005625] batch_loss=31.236269 running_train_loss=32.974144
[epoch 043 step 001100/005625] batch_loss=24.632727 running_train_loss=32.883623
[epoch 043 step 001200/005625] batch_loss=30.093243 running_train_loss=32.825402
[epoch 043 step 001300/005625] batch_loss=27.834303 running_train_loss=32.824500
[epoch 043 step 001400/005625] batch_loss=32.191971 running_train_loss=32.773413
[epoch 043 step 001500/005625] batch_loss=32.543018 running_train_loss=32.673431
[epoch 043 step 001600/005625] batch_loss=31.975130 running_train_loss=32.663779
[epoch 043 step 001700/005625] batch_loss=29.371408 running_train_loss=32.566650
[epoch 043 step 001800/005625] batch_loss=35.445786 running_train_loss=32.439852
[epoch 043 step 001900/005625] batch_loss=34.353848 running_train_loss=32.409855
[epoch 043 step 002000/005625] batch_loss=24.427433 running_train_loss=32.387652
[epoch 043 step 002100/005625] batch_loss=31.110832 running_train_loss=32.373310
[epoch 043 step 002200/005625] batch_loss=27.775826 running_train_loss=32.341384
[epoch 043 step 002300/005625] batch_loss=34.403973 running_train_loss=32.309362
[epoch 043 step 002400/005625] batch_loss=26.403358 running_train_loss=32.285581
[epoch 043 step 002500/005625] batch_loss=40.827362 running_train_loss=32.239925
[epoch 043 step 002600/005625] batch_loss=28.154139 running_train_loss=32.220233
[epoch 043 step 002700/005625] batch_loss=32.025894 running_train_loss=32.200697
[epoch 043 step 002800/005625] batch_loss=35.175411 running_train_loss=32.220200
[epoch 043 step 002900/005625] batch_loss=40.848751 running_train_loss=32.231921
[epoch 043 step 003000/005625] batch_loss=23.604601 running_train_loss=32.237924
[epoch 043 step 003100/005625] batch_loss=34.466705 running_train_loss=32.223426
[epoch 043 step 003200/005625] batch_loss=34.762169 running_train_loss=32.220872
[epoch 043 step 003300/005625] batch_loss=28.257311 running_train_loss=32.231706
[epoch 043 step 003400/005625] batch_loss=30.069027 running_train_loss=32.210323
[epoch 043 step 003500/005625] batch_loss=23.030205 running_train_loss=32.215972
[epoch 043 step 003600/005625] batch_loss=25.843311 running_train_loss=32.241010
[epoch 043 step 003700/005625] batch_loss=31.807360 running_train_loss=32.235873
[epoch 043 step 003800/005625] batch_loss=38.834496 running_train_loss=32.221594
[epoch 043 step 003900/005625] batch_loss=35.131443 running_train_loss=32.250486
[epoch 043 step 004000/005625] batch_loss=30.564819 running_train_loss=32.284931
[epoch 043 step 004100/005625] batch_loss=44.204205 running_train_loss=32.303374
[epoch 043 step 004200/005625] batch_loss=28.850258 running_train_loss=32.285348
[epoch 043 step 004300/005625] batch_loss=37.693962 running_train_loss=32.301127
[epoch 043 step 004400/005625] batch_loss=37.175930 running_train_loss=32.282206
[epoch 043 step 004500/005625] batch_loss=25.343035 running_train_loss=32.262246
[epoch 043 step 004600/005625] batch_loss=31.624519 running_train_loss=32.253798
[epoch 043 step 004700/005625] batch_loss=26.065123 running_train_loss=32.296050
[epoch 043 step 004800/005625] batch_loss=28.135349 running_train_loss=32.280481
[epoch 043 step 004900/005625] batch_loss=32.405266 running_train_loss=32.281971
[epoch 043 step 005000/005625] batch_loss=24.451735 running_train_loss=32.327313
[epoch 043 step 005100/005625] batch_loss=36.955444 running_train_loss=32.342271
[epoch 043 step 005200/005625] batch_loss=29.006742 running_train_loss=32.335661
[epoch 043 step 005300/005625] batch_loss=31.464661 running_train_loss=32.329300
[epoch 043 step 005400/005625] batch_loss=32.384502 running_train_loss=32.326121
[epoch 043 step 005500/005625] batch_loss=26.832460 running_train_loss=32.319388
[epoch 043 step 005600/005625] batch_loss=39.351608 running_train_loss=32.433247
Validation starting ...
Saved new best model: val_loss=33.289779
Epoch [043/60] train_loss=32.426886 val_loss=33.289779 best_val=33.289779 best_epoch=43 lr=3.00e-05 time=8.9 min

--------------------------------------------------------------------------------
Starting epoch 44/60 at 2026-06-17T15:01:25
[epoch 044 step 000100/005625] batch_loss=31.435944 running_train_loss=33.445023
[epoch 044 step 000200/005625] batch_loss=37.794220 running_train_loss=33.051061
[epoch 044 step 000300/005625] batch_loss=25.793360 running_train_loss=32.995063
[epoch 044 step 000400/005625] batch_loss=25.403034 running_train_loss=32.646153
[epoch 044 step 000500/005625] batch_loss=30.144062 running_train_loss=32.811292
[epoch 044 step 000600/005625] batch_loss=29.743196 running_train_loss=32.896450
[epoch 044 step 000700/005625] batch_loss=33.464970 running_train_loss=32.861557
[epoch 044 step 000800/005625] batch_loss=36.018883 running_train_loss=32.815545
[epoch 044 step 000900/005625] batch_loss=28.411190 running_train_loss=32.778803
[epoch 044 step 001000/005625] batch_loss=31.087687 running_train_loss=32.929524
[epoch 044 step 001100/005625] batch_loss=24.737520 running_train_loss=32.841774
[epoch 044 step 001200/005625] batch_loss=30.127157 running_train_loss=32.784175
[epoch 044 step 001300/005625] batch_loss=27.679348 running_train_loss=32.783205
[epoch 044 step 001400/005625] batch_loss=32.134892 running_train_loss=32.733213
[epoch 044 step 001500/005625] batch_loss=32.466393 running_train_loss=32.633721
[epoch 044 step 001600/005625] batch_loss=32.021351 running_train_loss=32.624180
[epoch 044 step 001700/005625] batch_loss=29.327959 running_train_loss=32.526346
[epoch 044 step 001800/005625] batch_loss=35.386570 running_train_loss=32.401125
[epoch 044 step 001900/005625] batch_loss=34.263897 running_train_loss=32.371326
[epoch 044 step 002000/005625] batch_loss=24.303442 running_train_loss=32.349096
[epoch 044 step 002100/005625] batch_loss=31.016439 running_train_loss=32.335571
[epoch 044 step 002200/005625] batch_loss=27.798485 running_train_loss=32.302893
[epoch 044 step 002300/005625] batch_loss=34.391369 running_train_loss=32.271383
[epoch 044 step 002400/005625] batch_loss=26.259756 running_train_loss=32.247984
[epoch 044 step 002500/005625] batch_loss=40.866722 running_train_loss=32.202630
[epoch 044 step 002600/005625] batch_loss=28.489885 running_train_loss=32.183682
[epoch 044 step 002700/005625] batch_loss=31.953783 running_train_loss=32.166074
[epoch 044 step 002800/005625] batch_loss=35.157120 running_train_loss=32.185663
[epoch 044 step 002900/005625] batch_loss=40.688030 running_train_loss=32.197516
[epoch 044 step 003000/005625] batch_loss=23.561794 running_train_loss=32.203188
[epoch 044 step 003100/005625] batch_loss=34.358105 running_train_loss=32.189963
[epoch 044 step 003200/005625] batch_loss=34.867031 running_train_loss=32.187365
[epoch 044 step 003300/005625] batch_loss=28.260937 running_train_loss=32.197472
[epoch 044 step 003400/005625] batch_loss=30.015577 running_train_loss=32.176068
[epoch 044 step 003500/005625] batch_loss=22.927378 running_train_loss=32.181441
[epoch 044 step 003600/005625] batch_loss=25.776112 running_train_loss=32.207103
[epoch 044 step 003700/005625] batch_loss=31.836140 running_train_loss=32.202176
[epoch 044 step 003800/005625] batch_loss=38.948364 running_train_loss=32.187436
[epoch 044 step 003900/005625] batch_loss=35.163773 running_train_loss=32.216178
[epoch 044 step 004000/005625] batch_loss=30.471401 running_train_loss=32.251128
[epoch 044 step 004100/005625] batch_loss=44.048187 running_train_loss=32.269593
[epoch 044 step 004200/005625] batch_loss=28.706995 running_train_loss=32.250899
[epoch 044 step 004300/005625] batch_loss=37.669151 running_train_loss=32.266386
[epoch 044 step 004400/005625] batch_loss=37.210194 running_train_loss=32.247828
[epoch 044 step 004500/005625] batch_loss=25.234516 running_train_loss=32.227953
[epoch 044 step 004600/005625] batch_loss=31.714739 running_train_loss=32.220299
[epoch 044 step 004700/005625] batch_loss=26.036274 running_train_loss=32.262734
[epoch 044 step 004800/005625] batch_loss=27.980646 running_train_loss=32.247196
[epoch 044 step 004900/005625] batch_loss=32.276276 running_train_loss=32.248492
[epoch 044 step 005000/005625] batch_loss=24.452873 running_train_loss=32.293235
[epoch 044 step 005100/005625] batch_loss=36.878857 running_train_loss=32.308519
[epoch 044 step 005200/005625] batch_loss=28.978767 running_train_loss=32.301907
[epoch 044 step 005300/005625] batch_loss=31.470734 running_train_loss=32.295492
[epoch 044 step 005400/005625] batch_loss=32.281429 running_train_loss=32.292287
[epoch 044 step 005500/005625] batch_loss=26.786604 running_train_loss=32.284553
[epoch 044 step 005600/005625] batch_loss=39.401402 running_train_loss=32.397501
Validation starting ...
Epoch [044/60] train_loss=32.391284 val_loss=33.348255 best_val=33.289779 best_epoch=43 lr=3.00e-05 time=9.0 min

--------------------------------------------------------------------------------
Starting epoch 45/60 at 2026-06-17T15:10:23
[epoch 045 step 000100/005625] batch_loss=31.279123 running_train_loss=33.369448
[epoch 045 step 000200/005625] batch_loss=37.673603 running_train_loss=33.014988
[epoch 045 step 000300/005625] batch_loss=25.699703 running_train_loss=32.960856
[epoch 045 step 000400/005625] batch_loss=25.545252 running_train_loss=32.616621
[epoch 045 step 000500/005625] batch_loss=30.139669 running_train_loss=32.786257
[epoch 045 step 000600/005625] batch_loss=29.619724 running_train_loss=32.868995
[epoch 045 step 000700/005625] batch_loss=33.434219 running_train_loss=32.832858
[epoch 045 step 000800/005625] batch_loss=35.949963 running_train_loss=32.786562
[epoch 045 step 000900/005625] batch_loss=28.361170 running_train_loss=32.746113
[epoch 045 step 001000/005625] batch_loss=31.117182 running_train_loss=32.898993
[epoch 045 step 001100/005625] batch_loss=24.748741 running_train_loss=32.810272
[epoch 045 step 001200/005625] batch_loss=29.984507 running_train_loss=32.752209
[epoch 045 step 001300/005625] batch_loss=27.615704 running_train_loss=32.751167
[epoch 045 step 001400/005625] batch_loss=32.069145 running_train_loss=32.704103
[epoch 045 step 001500/005625] batch_loss=32.466484 running_train_loss=32.604677
[epoch 045 step 001600/005625] batch_loss=31.986641 running_train_loss=32.594734
[epoch 045 step 001700/005625] batch_loss=29.455141 running_train_loss=32.497310
[epoch 045 step 001800/005625] batch_loss=35.206394 running_train_loss=32.371473
[epoch 045 step 001900/005625] batch_loss=34.299103 running_train_loss=32.341284
[epoch 045 step 002000/005625] batch_loss=24.322727 running_train_loss=32.319229
[epoch 045 step 002100/005625] batch_loss=31.015835 running_train_loss=32.305459
[epoch 045 step 002200/005625] batch_loss=27.692596 running_train_loss=32.273458
[epoch 045 step 002300/005625] batch_loss=34.311317 running_train_loss=32.241361
[epoch 045 step 002400/005625] batch_loss=26.208649 running_train_loss=32.218218
[epoch 045 step 002500/005625] batch_loss=40.732643 running_train_loss=32.173047
[epoch 045 step 002600/005625] batch_loss=28.252460 running_train_loss=32.154342
[epoch 045 step 002700/005625] batch_loss=31.875141 running_train_loss=32.135780
[epoch 045 step 002800/005625] batch_loss=35.041306 running_train_loss=32.154700
[epoch 045 step 002900/005625] batch_loss=40.687660 running_train_loss=32.166794
[epoch 045 step 003000/005625] batch_loss=23.505331 running_train_loss=32.171817
[epoch 045 step 003100/005625] batch_loss=34.321281 running_train_loss=32.158596
[epoch 045 step 003200/005625] batch_loss=34.658081 running_train_loss=32.156359
[epoch 045 step 003300/005625] batch_loss=28.217417 running_train_loss=32.166579
[epoch 045 step 003400/005625] batch_loss=29.950964 running_train_loss=32.145015
[epoch 045 step 003500/005625] batch_loss=22.797098 running_train_loss=32.150412
[epoch 045 step 003600/005625] batch_loss=25.857061 running_train_loss=32.175264
[epoch 045 step 003700/005625] batch_loss=31.833254 running_train_loss=32.171109
[epoch 045 step 003800/005625] batch_loss=38.790157 running_train_loss=32.157319
[epoch 045 step 003900/005625] batch_loss=35.159100 running_train_loss=32.186060
[epoch 045 step 004000/005625] batch_loss=30.522535 running_train_loss=32.220689
[epoch 045 step 004100/005625] batch_loss=43.902599 running_train_loss=32.239139
[epoch 045 step 004200/005625] batch_loss=28.677122 running_train_loss=32.221158
[epoch 045 step 004300/005625] batch_loss=37.562740 running_train_loss=32.236523
[epoch 045 step 004400/005625] batch_loss=37.164398 running_train_loss=32.217604
[epoch 045 step 004500/005625] batch_loss=25.195021 running_train_loss=32.197497
[epoch 045 step 004600/005625] batch_loss=31.490585 running_train_loss=32.189288
[epoch 045 step 004700/005625] batch_loss=26.037842 running_train_loss=32.231471
[epoch 045 step 004800/005625] batch_loss=28.000673 running_train_loss=32.215228
[epoch 045 step 004900/005625] batch_loss=32.263592 running_train_loss=32.216483
[epoch 045 step 005000/005625] batch_loss=24.440247 running_train_loss=32.261183
[epoch 045 step 005100/005625] batch_loss=36.928814 running_train_loss=32.276947
[epoch 045 step 005200/005625] batch_loss=28.990223 running_train_loss=32.270654
[epoch 045 step 005300/005625] batch_loss=31.477932 running_train_loss=32.264453
[epoch 045 step 005400/005625] batch_loss=32.167000 running_train_loss=32.261628
[epoch 045 step 005500/005625] batch_loss=26.881166 running_train_loss=32.253922
[epoch 045 step 005600/005625] batch_loss=39.303360 running_train_loss=32.368589
Validation starting ...
Saved new best model: val_loss=33.248268
Epoch [045/60] train_loss=32.362239 val_loss=33.248268 best_val=33.248268 best_epoch=45 lr=3.00e-05 time=9.0 min

--------------------------------------------------------------------------------
Starting epoch 46/60 at 2026-06-17T15:19:20
[epoch 046 step 000100/005625] batch_loss=31.335722 running_train_loss=33.367949
[epoch 046 step 000200/005625] batch_loss=37.502262 running_train_loss=32.987172
[epoch 046 step 000300/005625] batch_loss=25.774820 running_train_loss=32.949895
[epoch 046 step 000400/005625] batch_loss=25.455805 running_train_loss=32.604038
[epoch 046 step 000500/005625] batch_loss=30.213993 running_train_loss=32.769229
[epoch 046 step 000600/005625] batch_loss=29.571159 running_train_loss=32.851743
[epoch 046 step 000700/005625] batch_loss=33.359154 running_train_loss=32.814856
[epoch 046 step 000800/005625] batch_loss=35.893040 running_train_loss=32.768032
[epoch 046 step 000900/005625] batch_loss=28.364906 running_train_loss=32.726274
[epoch 046 step 001000/005625] batch_loss=31.163401 running_train_loss=32.878987
[epoch 046 step 001100/005625] batch_loss=24.654427 running_train_loss=32.788112
[epoch 046 step 001200/005625] batch_loss=29.967920 running_train_loss=32.729352
[epoch 046 step 001300/005625] batch_loss=27.578402 running_train_loss=32.728908
[epoch 046 step 001400/005625] batch_loss=31.966436 running_train_loss=32.682020
[epoch 046 step 001500/005625] batch_loss=32.333912 running_train_loss=32.581941
[epoch 046 step 001600/005625] batch_loss=31.904703 running_train_loss=32.570152
[epoch 046 step 001700/005625] batch_loss=29.357037 running_train_loss=32.472915
[epoch 046 step 001800/005625] batch_loss=35.229759 running_train_loss=32.346935
[epoch 046 step 001900/005625] batch_loss=34.203430 running_train_loss=32.315892
[epoch 046 step 002000/005625] batch_loss=24.301716 running_train_loss=32.293954
[epoch 046 step 002100/005625] batch_loss=30.961830 running_train_loss=32.279708
[epoch 046 step 002200/005625] batch_loss=27.507441 running_train_loss=32.248095
[epoch 046 step 002300/005625] batch_loss=34.345417 running_train_loss=32.216069
[epoch 046 step 002400/005625] batch_loss=26.171305 running_train_loss=32.192442
[epoch 046 step 002500/005625] batch_loss=40.895432 running_train_loss=32.146822
[epoch 046 step 002600/005625] batch_loss=28.396505 running_train_loss=32.127792
[epoch 046 step 002700/005625] batch_loss=31.858738 running_train_loss=32.109610
[epoch 046 step 002800/005625] batch_loss=35.135372 running_train_loss=32.128606
[epoch 046 step 002900/005625] batch_loss=40.620083 running_train_loss=32.140538
[epoch 046 step 003000/005625] batch_loss=23.433859 running_train_loss=32.145274
[epoch 046 step 003100/005625] batch_loss=34.271095 running_train_loss=32.130921
[epoch 046 step 003200/005625] batch_loss=34.666500 running_train_loss=32.128304
[epoch 046 step 003300/005625] batch_loss=28.205606 running_train_loss=32.139729
[epoch 046 step 003400/005625] batch_loss=29.886370 running_train_loss=32.117621
[epoch 046 step 003500/005625] batch_loss=22.723110 running_train_loss=32.123166
[epoch 046 step 003600/005625] batch_loss=25.764942 running_train_loss=32.147684
[epoch 046 step 003700/005625] batch_loss=31.659786 running_train_loss=32.142655
[epoch 046 step 003800/005625] batch_loss=38.757439 running_train_loss=32.127179
[epoch 046 step 003900/005625] batch_loss=35.147610 running_train_loss=32.155972
[epoch 046 step 004000/005625] batch_loss=30.524633 running_train_loss=32.190039
[epoch 046 step 004100/005625] batch_loss=44.048588 running_train_loss=32.208407
[epoch 046 step 004200/005625] batch_loss=28.689302 running_train_loss=32.190624
[epoch 046 step 004300/005625] batch_loss=37.585228 running_train_loss=32.206368
[epoch 046 step 004400/005625] batch_loss=37.223721 running_train_loss=32.187475
[epoch 046 step 004500/005625] batch_loss=25.110674 running_train_loss=32.167569
[epoch 046 step 004600/005625] batch_loss=31.514141 running_train_loss=32.159474
[epoch 046 step 004700/005625] batch_loss=26.033413 running_train_loss=32.201821
[epoch 046 step 004800/005625] batch_loss=27.916422 running_train_loss=32.185228
[epoch 046 step 004900/005625] batch_loss=32.206547 running_train_loss=32.186694
[epoch 046 step 005000/005625] batch_loss=24.424391 running_train_loss=32.231311
[epoch 046 step 005100/005625] batch_loss=36.824795 running_train_loss=32.246707
[epoch 046 step 005200/005625] batch_loss=28.873991 running_train_loss=32.240379
[epoch 046 step 005300/005625] batch_loss=31.394567 running_train_loss=32.234249
[epoch 046 step 005400/005625] batch_loss=32.287361 running_train_loss=32.231092
[epoch 046 step 005500/005625] batch_loss=26.742098 running_train_loss=32.223353
[epoch 046 step 005600/005625] batch_loss=39.237980 running_train_loss=32.337270
Validation starting ...
Saved new best model: val_loss=33.241319
Epoch [046/60] train_loss=32.330957 val_loss=33.241319 best_val=33.241319 best_epoch=46 lr=3.00e-05 time=9.0 min

--------------------------------------------------------------------------------
Starting epoch 47/60 at 2026-06-17T15:28:19
[epoch 047 step 000100/005625] batch_loss=31.233883 running_train_loss=33.321961
[epoch 047 step 000200/005625] batch_loss=37.476048 running_train_loss=32.948911
[epoch 047 step 000300/005625] batch_loss=25.693306 running_train_loss=32.892556
[epoch 047 step 000400/005625] batch_loss=25.482813 running_train_loss=32.554777
[epoch 047 step 000500/005625] batch_loss=30.116028 running_train_loss=32.726471
[epoch 047 step 000600/005625] batch_loss=29.561712 running_train_loss=32.808804
[epoch 047 step 000700/005625] batch_loss=33.328262 running_train_loss=32.773850
[epoch 047 step 000800/005625] batch_loss=35.850281 running_train_loss=32.727953
[epoch 047 step 000900/005625] batch_loss=28.392088 running_train_loss=32.686403
[epoch 047 step 001000/005625] batch_loss=31.000423 running_train_loss=32.840063
[epoch 047 step 001100/005625] batch_loss=24.669127 running_train_loss=32.752342
[epoch 047 step 001200/005625] batch_loss=29.891294 running_train_loss=32.692973
[epoch 047 step 001300/005625] batch_loss=27.644682 running_train_loss=32.691972
[epoch 047 step 001400/005625] batch_loss=31.956709 running_train_loss=32.642121
[epoch 047 step 001500/005625] batch_loss=32.316875 running_train_loss=32.542105
[epoch 047 step 001600/005625] batch_loss=31.798937 running_train_loss=32.530387
[epoch 047 step 001700/005625] batch_loss=29.328560 running_train_loss=32.433716
[epoch 047 step 001800/005625] batch_loss=35.269581 running_train_loss=32.309275
[epoch 047 step 001900/005625] batch_loss=34.271900 running_train_loss=32.278570
[epoch 047 step 002000/005625] batch_loss=24.203157 running_train_loss=32.256294
[epoch 047 step 002100/005625] batch_loss=30.910992 running_train_loss=32.241949
[epoch 047 step 002200/005625] batch_loss=27.629110 running_train_loss=32.210525
[epoch 047 step 002300/005625] batch_loss=34.292805 running_train_loss=32.178366
[epoch 047 step 002400/005625] batch_loss=26.164837 running_train_loss=32.154990
[epoch 047 step 002500/005625] batch_loss=40.672501 running_train_loss=32.109979
[epoch 047 step 002600/005625] batch_loss=27.986641 running_train_loss=32.090488
[epoch 047 step 002700/005625] batch_loss=31.830772 running_train_loss=32.071005
[epoch 047 step 002800/005625] batch_loss=35.165653 running_train_loss=32.089801
[epoch 047 step 002900/005625] batch_loss=40.470688 running_train_loss=32.102288
[epoch 047 step 003000/005625] batch_loss=23.301027 running_train_loss=32.107215
[epoch 047 step 003100/005625] batch_loss=34.227772 running_train_loss=32.094428
[epoch 047 step 003200/005625] batch_loss=34.589592 running_train_loss=32.092365
[epoch 047 step 003300/005625] batch_loss=28.156099 running_train_loss=32.103526
[epoch 047 step 003400/005625] batch_loss=29.864447 running_train_loss=32.082109
[epoch 047 step 003500/005625] batch_loss=22.867842 running_train_loss=32.087206
[epoch 047 step 003600/005625] batch_loss=25.869371 running_train_loss=32.112141
[epoch 047 step 003700/005625] batch_loss=31.699856 running_train_loss=32.107363
[epoch 047 step 003800/005625] batch_loss=38.619728 running_train_loss=32.093204
[epoch 047 step 003900/005625] batch_loss=35.160572 running_train_loss=32.122130
[epoch 047 step 004000/005625] batch_loss=30.474432 running_train_loss=32.157007
[epoch 047 step 004100/005625] batch_loss=44.058769 running_train_loss=32.175404
[epoch 047 step 004200/005625] batch_loss=28.621611 running_train_loss=32.156910
[epoch 047 step 004300/005625] batch_loss=37.780113 running_train_loss=32.172908
[epoch 047 step 004400/005625] batch_loss=37.167248 running_train_loss=32.154182
[epoch 047 step 004500/005625] batch_loss=25.198191 running_train_loss=32.134228
[epoch 047 step 004600/005625] batch_loss=31.494720 running_train_loss=32.126593
[epoch 047 step 004700/005625] batch_loss=26.033052 running_train_loss=32.168907
[epoch 047 step 004800/005625] batch_loss=27.878649 running_train_loss=32.152871
[epoch 047 step 004900/005625] batch_loss=32.197651 running_train_loss=32.154184
[epoch 047 step 005000/005625] batch_loss=24.368752 running_train_loss=32.199500
[epoch 047 step 005100/005625] batch_loss=36.768715 running_train_loss=32.214961
[epoch 047 step 005200/005625] batch_loss=28.888165 running_train_loss=32.208673
[epoch 047 step 005300/005625] batch_loss=31.417400 running_train_loss=32.203276
[epoch 047 step 005400/005625] batch_loss=32.149117 running_train_loss=32.199998
[epoch 047 step 005500/005625] batch_loss=26.693365 running_train_loss=32.192466
[epoch 047 step 005600/005625] batch_loss=39.108406 running_train_loss=32.306254
Validation starting ...
Epoch [047/60] train_loss=32.299901 val_loss=33.318126 best_val=33.241319 best_epoch=46 lr=3.00e-05 time=9.0 min

--------------------------------------------------------------------------------
Starting epoch 48/60 at 2026-06-17T15:37:20
[epoch 048 step 000100/005625] batch_loss=31.096851 running_train_loss=33.282645
[epoch 048 step 000200/005625] batch_loss=37.437366 running_train_loss=32.921736
[epoch 048 step 000300/005625] batch_loss=25.743441 running_train_loss=32.882458
[epoch 048 step 000400/005625] batch_loss=25.373095 running_train_loss=32.543176
[epoch 048 step 000500/005625] batch_loss=30.059492 running_train_loss=32.705313
[epoch 048 step 000600/005625] batch_loss=29.502954 running_train_loss=32.787338
[epoch 048 step 000700/005625] batch_loss=33.245876 running_train_loss=32.751598
[epoch 048 step 000800/005625] batch_loss=35.766369 running_train_loss=32.703462
[epoch 048 step 000900/005625] batch_loss=28.373137 running_train_loss=32.664761
[epoch 048 step 001000/005625] batch_loss=30.993917 running_train_loss=32.818541
[epoch 048 step 001100/005625] batch_loss=24.705917 running_train_loss=32.730051
[epoch 048 step 001200/005625] batch_loss=29.938013 running_train_loss=32.668685
[epoch 048 step 001300/005625] batch_loss=27.591520 running_train_loss=32.666298
[epoch 048 step 001400/005625] batch_loss=31.911253 running_train_loss=32.615863
[epoch 048 step 001500/005625] batch_loss=32.355984 running_train_loss=32.515648
[epoch 048 step 001600/005625] batch_loss=31.803341 running_train_loss=32.504865
[epoch 048 step 001700/005625] batch_loss=29.337774 running_train_loss=32.407552
[epoch 048 step 001800/005625] batch_loss=35.067558 running_train_loss=32.282322
[epoch 048 step 001900/005625] batch_loss=34.216808 running_train_loss=32.251596
[epoch 048 step 002000/005625] batch_loss=24.299664 running_train_loss=32.230259
[epoch 048 step 002100/005625] batch_loss=30.967239 running_train_loss=32.217280
[epoch 048 step 002200/005625] batch_loss=27.605606 running_train_loss=32.185956
[epoch 048 step 002300/005625] batch_loss=34.193275 running_train_loss=32.153963
[epoch 048 step 002400/005625] batch_loss=26.062010 running_train_loss=32.130616
[epoch 048 step 002500/005625] batch_loss=40.712708 running_train_loss=32.085352
[epoch 048 step 002600/005625] batch_loss=28.070145 running_train_loss=32.065931
[epoch 048 step 002700/005625] batch_loss=31.879225 running_train_loss=32.047132
[epoch 048 step 002800/005625] batch_loss=35.142677 running_train_loss=32.066389
[epoch 048 step 002900/005625] batch_loss=40.583736 running_train_loss=32.078463
[epoch 048 step 003000/005625] batch_loss=23.396212 running_train_loss=32.084171
[epoch 048 step 003100/005625] batch_loss=34.163895 running_train_loss=32.069503
[epoch 048 step 003200/005625] batch_loss=34.633419 running_train_loss=32.068061
[epoch 048 step 003300/005625] batch_loss=28.000132 running_train_loss=32.079771
[epoch 048 step 003400/005625] batch_loss=29.889957 running_train_loss=32.057858
[epoch 048 step 003500/005625] batch_loss=22.727961 running_train_loss=32.063147
[epoch 048 step 003600/005625] batch_loss=25.741028 running_train_loss=32.087600
[epoch 048 step 003700/005625] batch_loss=31.644266 running_train_loss=32.082096
[epoch 048 step 003800/005625] batch_loss=38.649292 running_train_loss=32.066840
[epoch 048 step 003900/005625] batch_loss=35.145500 running_train_loss=32.095382
[epoch 048 step 004000/005625] batch_loss=30.392328 running_train_loss=32.130119
[epoch 048 step 004100/005625] batch_loss=43.817142 running_train_loss=32.148249
[epoch 048 step 004200/005625] batch_loss=28.629038 running_train_loss=32.130182
[epoch 048 step 004300/005625] batch_loss=37.653202 running_train_loss=32.144838
[epoch 048 step 004400/005625] batch_loss=37.149475 running_train_loss=32.126010
[epoch 048 step 004500/005625] batch_loss=25.225355 running_train_loss=32.106609
[epoch 048 step 004600/005625] batch_loss=31.491623 running_train_loss=32.098945
[epoch 048 step 004700/005625] batch_loss=26.074970 running_train_loss=32.141095
[epoch 048 step 004800/005625] batch_loss=27.933155 running_train_loss=32.125033
[epoch 048 step 004900/005625] batch_loss=32.187450 running_train_loss=32.126550
[epoch 048 step 005000/005625] batch_loss=24.394869 running_train_loss=32.172405
[epoch 048 step 005100/005625] batch_loss=36.642921 running_train_loss=32.187375
[epoch 048 step 005200/005625] batch_loss=28.881706 running_train_loss=32.180926
[epoch 048 step 005300/005625] batch_loss=31.413960 running_train_loss=32.175657
[epoch 048 step 005400/005625] batch_loss=32.200699 running_train_loss=32.172440
[epoch 048 step 005500/005625] batch_loss=26.674349 running_train_loss=32.166120
[epoch 048 step 005600/005625] batch_loss=39.451679 running_train_loss=32.278870
Validation starting ...
Saved new best model: val_loss=33.173336
Epoch [048/60] train_loss=32.272931 val_loss=33.173336 best_val=33.173336 best_epoch=48 lr=3.00e-05 time=8.9 min

--------------------------------------------------------------------------------
Starting epoch 49/60 at 2026-06-17T15:46:15
[epoch 049 step 000100/005625] batch_loss=31.167212 running_train_loss=33.257943
[epoch 049 step 000200/005625] batch_loss=37.449081 running_train_loss=32.900371
[epoch 049 step 000300/005625] batch_loss=25.806108 running_train_loss=32.863207
[epoch 049 step 000400/005625] batch_loss=25.451345 running_train_loss=32.518550
[epoch 049 step 000500/005625] batch_loss=30.062098 running_train_loss=32.687518
[epoch 049 step 000600/005625] batch_loss=29.536179 running_train_loss=32.767067
[epoch 049 step 000700/005625] batch_loss=33.238472 running_train_loss=32.730973
[epoch 049 step 000800/005625] batch_loss=35.694321 running_train_loss=32.682932
[epoch 049 step 000900/005625] batch_loss=28.390306 running_train_loss=32.643178
[epoch 049 step 001000/005625] batch_loss=31.106575 running_train_loss=32.795620
[epoch 049 step 001100/005625] batch_loss=24.870745 running_train_loss=32.706084
[epoch 049 step 001200/005625] batch_loss=29.889008 running_train_loss=32.648357
[epoch 049 step 001300/005625] batch_loss=27.595112 running_train_loss=32.645948
[epoch 049 step 001400/005625] batch_loss=31.827911 running_train_loss=32.599992
[epoch 049 step 001500/005625] batch_loss=32.286533 running_train_loss=32.500437
[epoch 049 step 001600/005625] batch_loss=31.651299 running_train_loss=32.487496
[epoch 049 step 001700/005625] batch_loss=29.295877 running_train_loss=32.389695
[epoch 049 step 001800/005625] batch_loss=34.987808 running_train_loss=32.261198
[epoch 049 step 001900/005625] batch_loss=34.142769 running_train_loss=32.231464
[epoch 049 step 002000/005625] batch_loss=24.265129 running_train_loss=32.209904
[epoch 049 step 002100/005625] batch_loss=30.947687 running_train_loss=32.196356
[epoch 049 step 002200/005625] batch_loss=27.554312 running_train_loss=32.164029
[epoch 049 step 002300/005625] batch_loss=34.228180 running_train_loss=32.132119
[epoch 049 step 002400/005625] batch_loss=26.077597 running_train_loss=32.108587
[epoch 049 step 002500/005625] batch_loss=40.638443 running_train_loss=32.062845
[epoch 049 step 002600/005625] batch_loss=27.925102 running_train_loss=32.042983
[epoch 049 step 002700/005625] batch_loss=31.832993 running_train_loss=32.024752
[epoch 049 step 002800/005625] batch_loss=34.900623 running_train_loss=32.042975
[epoch 049 step 002900/005625] batch_loss=40.300652 running_train_loss=32.054755
[epoch 049 step 003000/005625] batch_loss=23.528946 running_train_loss=32.059979
[epoch 049 step 003100/005625] batch_loss=34.082447 running_train_loss=32.047112
[epoch 049 step 003200/005625] batch_loss=34.608845 running_train_loss=32.045400
[epoch 049 step 003300/005625] batch_loss=27.922794 running_train_loss=32.056862
[epoch 049 step 003400/005625] batch_loss=29.772675 running_train_loss=32.034594
[epoch 049 step 003500/005625] batch_loss=22.652262 running_train_loss=32.040043
[epoch 049 step 003600/005625] batch_loss=25.679890 running_train_loss=32.064084
[epoch 049 step 003700/005625] batch_loss=31.715343 running_train_loss=32.058635
[epoch 049 step 003800/005625] batch_loss=38.621712 running_train_loss=32.044382
[epoch 049 step 003900/005625] batch_loss=35.131264 running_train_loss=32.073015
[epoch 049 step 004000/005625] batch_loss=30.404345 running_train_loss=32.107674
[epoch 049 step 004100/005625] batch_loss=43.766933 running_train_loss=32.125660
[epoch 049 step 004200/005625] batch_loss=28.576082 running_train_loss=32.107189
[epoch 049 step 004300/005625] batch_loss=37.718552 running_train_loss=32.122107
[epoch 049 step 004400/005625] batch_loss=37.101135 running_train_loss=32.103032
[epoch 049 step 004500/005625] batch_loss=25.063110 running_train_loss=32.084537
[epoch 049 step 004600/005625] batch_loss=31.459187 running_train_loss=32.076250
[epoch 049 step 004700/005625] batch_loss=26.082136 running_train_loss=32.118344
[epoch 049 step 004800/005625] batch_loss=27.837378 running_train_loss=32.101916
[epoch 049 step 004900/005625] batch_loss=32.087605 running_train_loss=32.103149
[epoch 049 step 005000/005625] batch_loss=24.316526 running_train_loss=32.148084
[epoch 049 step 005100/005625] batch_loss=36.623676 running_train_loss=32.163634
[epoch 049 step 005200/005625] batch_loss=28.834597 running_train_loss=32.156689
[epoch 049 step 005300/005625] batch_loss=31.347212 running_train_loss=32.150741
[epoch 049 step 005400/005625] batch_loss=32.106918 running_train_loss=32.147775
[epoch 049 step 005500/005625] batch_loss=26.720640 running_train_loss=32.139932
[epoch 049 step 005600/005625] batch_loss=39.087242 running_train_loss=32.254241
Validation starting ...
Epoch [049/60] train_loss=32.247804 val_loss=33.224454 best_val=33.173336 best_epoch=48 lr=3.00e-05 time=8.9 min

--------------------------------------------------------------------------------
Starting epoch 50/60 at 2026-06-17T15:55:10
[epoch 050 step 000100/005625] batch_loss=31.165787 running_train_loss=33.236969
[epoch 050 step 000200/005625] batch_loss=37.459820 running_train_loss=32.873650
[epoch 050 step 000300/005625] batch_loss=25.644192 running_train_loss=32.812623
[epoch 050 step 000400/005625] batch_loss=25.414970 running_train_loss=32.471157
[epoch 050 step 000500/005625] batch_loss=30.016022 running_train_loss=32.638261
[epoch 050 step 000600/005625] batch_loss=29.446526 running_train_loss=32.720139
[epoch 050 step 000700/005625] batch_loss=33.219788 running_train_loss=32.689350
[epoch 050 step 000800/005625] batch_loss=35.773624 running_train_loss=32.643120
[epoch 050 step 000900/005625] batch_loss=28.383764 running_train_loss=32.605056
[epoch 050 step 001000/005625] batch_loss=31.008354 running_train_loss=32.758581
[epoch 050 step 001100/005625] batch_loss=24.501242 running_train_loss=32.670452
[epoch 050 step 001200/005625] batch_loss=29.906469 running_train_loss=32.612019
[epoch 050 step 001300/005625] batch_loss=27.594120 running_train_loss=32.610134
[epoch 050 step 001400/005625] batch_loss=31.827572 running_train_loss=32.559820
[epoch 050 step 001500/005625] batch_loss=32.120686 running_train_loss=32.459444
[epoch 050 step 001600/005625] batch_loss=31.663389 running_train_loss=32.450106
[epoch 050 step 001700/005625] batch_loss=29.397837 running_train_loss=32.352541
[epoch 050 step 001800/005625] batch_loss=34.958149 running_train_loss=32.226807
[epoch 050 step 001900/005625] batch_loss=34.120888 running_train_loss=32.196064
[epoch 050 step 002000/005625] batch_loss=24.181007 running_train_loss=32.173913
[epoch 050 step 002100/005625] batch_loss=30.851460 running_train_loss=32.159919
[epoch 050 step 002200/005625] batch_loss=27.575150 running_train_loss=32.128389
[epoch 050 step 002300/005625] batch_loss=34.164673 running_train_loss=32.096874
[epoch 050 step 002400/005625] batch_loss=26.022194 running_train_loss=32.073917
[epoch 050 step 002500/005625] batch_loss=40.674435 running_train_loss=32.028500
[epoch 050 step 002600/005625] batch_loss=27.725042 running_train_loss=32.008627
[epoch 050 step 002700/005625] batch_loss=31.781267 running_train_loss=31.989849
[epoch 050 step 002800/005625] batch_loss=35.215092 running_train_loss=32.008719
[epoch 050 step 002900/005625] batch_loss=40.484592 running_train_loss=32.020221
[epoch 050 step 003000/005625] batch_loss=23.402012 running_train_loss=32.026029
[epoch 050 step 003100/005625] batch_loss=33.945545 running_train_loss=32.013567
[epoch 050 step 003200/005625] batch_loss=34.568409 running_train_loss=32.012043
[epoch 050 step 003300/005625] batch_loss=27.854969 running_train_loss=32.023367
[epoch 050 step 003400/005625] batch_loss=29.740788 running_train_loss=32.001390
[epoch 050 step 003500/005625] batch_loss=22.747967 running_train_loss=32.006905
[epoch 050 step 003600/005625] batch_loss=25.792061 running_train_loss=32.031401
[epoch 050 step 003700/005625] batch_loss=31.639795 running_train_loss=32.026566
[epoch 050 step 003800/005625] batch_loss=38.628719 running_train_loss=32.013226
[epoch 050 step 003900/005625] batch_loss=35.135944 running_train_loss=32.041842
[epoch 050 step 004000/005625] batch_loss=30.351198 running_train_loss=32.076106
[epoch 050 step 004100/005625] batch_loss=43.794250 running_train_loss=32.094180
[epoch 050 step 004200/005625] batch_loss=28.526045 running_train_loss=32.075704
[epoch 050 step 004300/005625] batch_loss=37.615299 running_train_loss=32.090498
[epoch 050 step 004400/005625] batch_loss=37.148582 running_train_loss=32.071577
[epoch 050 step 004500/005625] batch_loss=25.033199 running_train_loss=32.051730
[epoch 050 step 004600/005625] batch_loss=31.426336 running_train_loss=32.043615
[epoch 050 step 004700/005625] batch_loss=25.975775 running_train_loss=32.085518
[epoch 050 step 004800/005625] batch_loss=27.836731 running_train_loss=32.069636
[epoch 050 step 004900/005625] batch_loss=32.193768 running_train_loss=32.071290
[epoch 050 step 005000/005625] batch_loss=24.302744 running_train_loss=32.116817
[epoch 050 step 005100/005625] batch_loss=36.630447 running_train_loss=32.132700
[epoch 050 step 005200/005625] batch_loss=28.763264 running_train_loss=32.126549
[epoch 050 step 005300/005625] batch_loss=31.342863 running_train_loss=32.120908
[epoch 050 step 005400/005625] batch_loss=32.143063 running_train_loss=32.117975
[epoch 050 step 005500/005625] batch_loss=26.600412 running_train_loss=32.111568
[epoch 050 step 005600/005625] batch_loss=39.241886 running_train_loss=32.224153
Validation starting ...
Saved new best model: val_loss=33.134633
Epoch [050/60] train_loss=32.218091 val_loss=33.134633 best_val=33.134633 best_epoch=50 lr=3.00e-05 time=9.0 min

--------------------------------------------------------------------------------
Starting epoch 51/60 at 2026-06-17T16:04:09
[epoch 051 step 000100/005625] batch_loss=31.037512 running_train_loss=33.172836
[epoch 051 step 000200/005625] batch_loss=37.318432 running_train_loss=32.825248
[epoch 051 step 000300/005625] batch_loss=25.580751 running_train_loss=32.770790
[epoch 051 step 000400/005625] batch_loss=25.403841 running_train_loss=32.423839
[epoch 051 step 000500/005625] batch_loss=30.090715 running_train_loss=32.600070
[epoch 051 step 000600/005625] batch_loss=29.384396 running_train_loss=32.681967
[epoch 051 step 000700/005625] batch_loss=33.136810 running_train_loss=32.651074
[epoch 051 step 000800/005625] batch_loss=35.634132 running_train_loss=32.605490
[epoch 051 step 000900/005625] batch_loss=28.300396 running_train_loss=32.567689
[epoch 051 step 001000/005625] batch_loss=31.186003 running_train_loss=32.722401
[epoch 051 step 001100/005625] batch_loss=24.768112 running_train_loss=32.636868
[epoch 051 step 001200/005625] batch_loss=29.796284 running_train_loss=32.579270
[epoch 051 step 001300/005625] batch_loss=27.523575 running_train_loss=32.576347
[epoch 051 step 001400/005625] batch_loss=31.920433 running_train_loss=32.527134
[epoch 051 step 001500/005625] batch_loss=32.312534 running_train_loss=32.430689
[epoch 051 step 001600/005625] batch_loss=31.576893 running_train_loss=32.418293
[epoch 051 step 001700/005625] batch_loss=29.406530 running_train_loss=32.321688
[epoch 051 step 001800/005625] batch_loss=34.828926 running_train_loss=32.195441
[epoch 051 step 001900/005625] batch_loss=33.979988 running_train_loss=32.165225
[epoch 051 step 002000/005625] batch_loss=24.130838 running_train_loss=32.143692
[epoch 051 step 002100/005625] batch_loss=30.784317 running_train_loss=32.129507
[epoch 051 step 002200/005625] batch_loss=27.567837 running_train_loss=32.098773
[epoch 051 step 002300/005625] batch_loss=34.094772 running_train_loss=32.067099
[epoch 051 step 002400/005625] batch_loss=26.030727 running_train_loss=32.044395
[epoch 051 step 002500/005625] batch_loss=40.597382 running_train_loss=31.999339
[epoch 051 step 002600/005625] batch_loss=27.895199 running_train_loss=31.979459
[epoch 051 step 002700/005625] batch_loss=31.784567 running_train_loss=31.960264
[epoch 051 step 002800/005625] batch_loss=34.896236 running_train_loss=31.978694
[epoch 051 step 002900/005625] batch_loss=40.597252 running_train_loss=31.990432
[epoch 051 step 003000/005625] batch_loss=23.303801 running_train_loss=31.996186
[epoch 051 step 003100/005625] batch_loss=33.929604 running_train_loss=31.984091
[epoch 051 step 003200/005625] batch_loss=34.513737 running_train_loss=31.982273
[epoch 051 step 003300/005625] batch_loss=27.863369 running_train_loss=31.994294
[epoch 051 step 003400/005625] batch_loss=29.734615 running_train_loss=31.973064
[epoch 051 step 003500/005625] batch_loss=22.778786 running_train_loss=31.978966
[epoch 051 step 003600/005625] batch_loss=25.715704 running_train_loss=32.004487
[epoch 051 step 003700/005625] batch_loss=31.610205 running_train_loss=32.000367
[epoch 051 step 003800/005625] batch_loss=38.554951 running_train_loss=31.986916
[epoch 051 step 003900/005625] batch_loss=35.093006 running_train_loss=32.015592
[epoch 051 step 004000/005625] batch_loss=30.362936 running_train_loss=32.049995
[epoch 051 step 004100/005625] batch_loss=43.690971 running_train_loss=32.068107
[epoch 051 step 004200/005625] batch_loss=28.678600 running_train_loss=32.049747
[epoch 051 step 004300/005625] batch_loss=37.657253 running_train_loss=32.064225
[epoch 051 step 004400/005625] batch_loss=37.115528 running_train_loss=32.045638
[epoch 051 step 004500/005625] batch_loss=25.027746 running_train_loss=32.026253
[epoch 051 step 004600/005625] batch_loss=31.511082 running_train_loss=32.018504
[epoch 051 step 004700/005625] batch_loss=25.989969 running_train_loss=32.060563
[epoch 051 step 004800/005625] batch_loss=27.772896 running_train_loss=32.044135
[epoch 051 step 004900/005625] batch_loss=32.114574 running_train_loss=32.045439
[epoch 051 step 005000/005625] batch_loss=24.270731 running_train_loss=32.090340
[epoch 051 step 005100/005625] batch_loss=36.546665 running_train_loss=32.106419
[epoch 051 step 005200/005625] batch_loss=28.795910 running_train_loss=32.099831
[epoch 051 step 005300/005625] batch_loss=31.325686 running_train_loss=32.093908
[epoch 051 step 005400/005625] batch_loss=32.059048 running_train_loss=32.091561
[epoch 051 step 005500/005625] batch_loss=26.656061 running_train_loss=32.084676
[epoch 051 step 005600/005625] batch_loss=38.972691 running_train_loss=32.198066
Validation starting ...
Epoch [051/60] train_loss=32.191782 val_loss=33.139825 best_val=33.134633 best_epoch=50 lr=3.00e-05 time=8.9 min

--------------------------------------------------------------------------------
Starting epoch 52/60 at 2026-06-17T16:13:05
[epoch 052 step 000100/005625] batch_loss=30.933065 running_train_loss=33.164632
[epoch 052 step 000200/005625] batch_loss=37.266220 running_train_loss=32.805212
[epoch 052 step 000300/005625] batch_loss=25.673279 running_train_loss=32.761788
[epoch 052 step 000400/005625] batch_loss=25.393930 running_train_loss=32.421061
[epoch 052 step 000500/005625] batch_loss=30.041622 running_train_loss=32.591440
[epoch 052 step 000600/005625] batch_loss=29.323578 running_train_loss=32.669947
[epoch 052 step 000700/005625] batch_loss=33.111702 running_train_loss=32.634977
[epoch 052 step 000800/005625] batch_loss=35.642746 running_train_loss=32.587708
[epoch 052 step 000900/005625] batch_loss=28.281485 running_train_loss=32.546828
[epoch 052 step 001000/005625] batch_loss=30.886724 running_train_loss=32.698563
[epoch 052 step 001100/005625] batch_loss=24.568512 running_train_loss=32.610425
[epoch 052 step 001200/005625] batch_loss=29.779181 running_train_loss=32.551145
[epoch 052 step 001300/005625] batch_loss=27.742521 running_train_loss=32.550456
[epoch 052 step 001400/005625] batch_loss=31.765640 running_train_loss=32.500292
[epoch 052 step 001500/005625] batch_loss=32.228794 running_train_loss=32.400817
[epoch 052 step 001600/005625] batch_loss=31.519379 running_train_loss=32.387678
[epoch 052 step 001700/005625] batch_loss=29.333317 running_train_loss=32.291814
[epoch 052 step 001800/005625] batch_loss=34.761936 running_train_loss=32.166016
[epoch 052 step 001900/005625] batch_loss=34.054382 running_train_loss=32.135967
[epoch 052 step 002000/005625] batch_loss=24.196890 running_train_loss=32.114391
[epoch 052 step 002100/005625] batch_loss=30.779531 running_train_loss=32.101167
[epoch 052 step 002200/005625] batch_loss=27.553360 running_train_loss=32.070038
[epoch 052 step 002300/005625] batch_loss=34.111927 running_train_loss=32.039617
[epoch 052 step 002400/005625] batch_loss=26.038925 running_train_loss=32.016273
[epoch 052 step 002500/005625] batch_loss=40.592007 running_train_loss=31.971350
[epoch 052 step 002600/005625] batch_loss=27.950998 running_train_loss=31.952801
[epoch 052 step 002700/005625] batch_loss=31.807638 running_train_loss=31.933669
[epoch 052 step 002800/005625] batch_loss=34.846455 running_train_loss=31.951800
[epoch 052 step 002900/005625] batch_loss=40.371254 running_train_loss=31.963383
[epoch 052 step 003000/005625] batch_loss=23.273512 running_train_loss=31.969171
[epoch 052 step 003100/005625] batch_loss=33.865974 running_train_loss=31.957012
[epoch 052 step 003200/005625] batch_loss=34.509609 running_train_loss=31.955519
[epoch 052 step 003300/005625] batch_loss=27.846689 running_train_loss=31.966757
[epoch 052 step 003400/005625] batch_loss=29.684210 running_train_loss=31.945303
[epoch 052 step 003500/005625] batch_loss=22.729092 running_train_loss=31.951092
[epoch 052 step 003600/005625] batch_loss=25.642239 running_train_loss=31.975073
[epoch 052 step 003700/005625] batch_loss=31.560699 running_train_loss=31.969778
[epoch 052 step 003800/005625] batch_loss=38.741810 running_train_loss=31.955847
[epoch 052 step 003900/005625] batch_loss=35.116280 running_train_loss=31.984478
[epoch 052 step 004000/005625] batch_loss=30.258287 running_train_loss=32.019267
[epoch 052 step 004100/005625] batch_loss=43.541759 running_train_loss=32.036966
[epoch 052 step 004200/005625] batch_loss=28.510576 running_train_loss=32.018563
[epoch 052 step 004300/005625] batch_loss=37.598003 running_train_loss=32.033520
[epoch 052 step 004400/005625] batch_loss=37.092304 running_train_loss=32.014962
[epoch 052 step 004500/005625] batch_loss=25.011890 running_train_loss=31.995817
[epoch 052 step 004600/005625] batch_loss=31.505306 running_train_loss=31.988687
[epoch 052 step 004700/005625] batch_loss=25.899576 running_train_loss=32.030610
[epoch 052 step 004800/005625] batch_loss=27.768179 running_train_loss=32.013881
[epoch 052 step 004900/005625] batch_loss=32.093590 running_train_loss=32.015132
[epoch 052 step 005000/005625] batch_loss=24.307192 running_train_loss=32.059912
[epoch 052 step 005100/005625] batch_loss=36.523731 running_train_loss=32.075142
[epoch 052 step 005200/005625] batch_loss=28.735073 running_train_loss=32.068501
[epoch 052 step 005300/005625] batch_loss=31.342289 running_train_loss=32.062574
[epoch 052 step 005400/005625] batch_loss=32.093758 running_train_loss=32.059896
[epoch 052 step 005500/005625] batch_loss=26.590899 running_train_loss=32.053173
[epoch 052 step 005600/005625] batch_loss=38.916107 running_train_loss=32.167078
Validation starting ...
Saved new best model: val_loss=32.930027
Epoch [052/60] train_loss=32.161548 val_loss=32.930027 best_val=32.930027 best_epoch=52 lr=3.00e-05 time=8.9 min

--------------------------------------------------------------------------------
Starting epoch 53/60 at 2026-06-17T16:22:01
[epoch 053 step 000100/005625] batch_loss=30.940102 running_train_loss=33.114690
[epoch 053 step 000200/005625] batch_loss=37.169090 running_train_loss=32.777640
[epoch 053 step 000300/005625] batch_loss=25.692034 running_train_loss=32.737581
[epoch 053 step 000400/005625] batch_loss=25.365982 running_train_loss=32.401135
[epoch 053 step 000500/005625] batch_loss=29.957830 running_train_loss=32.568476
[epoch 053 step 000600/005625] batch_loss=29.319700 running_train_loss=32.645681
[epoch 053 step 000700/005625] batch_loss=33.032898 running_train_loss=32.610334
[epoch 053 step 000800/005625] batch_loss=35.532417 running_train_loss=32.561486
[epoch 053 step 000900/005625] batch_loss=28.347589 running_train_loss=32.524755
[epoch 053 step 001000/005625] batch_loss=30.883564 running_train_loss=32.677222
[epoch 053 step 001100/005625] batch_loss=24.571405 running_train_loss=32.589267
[epoch 053 step 001200/005625] batch_loss=29.722036 running_train_loss=32.529534
[epoch 053 step 001300/005625] batch_loss=27.559538 running_train_loss=32.527748
[epoch 053 step 001400/005625] batch_loss=31.795994 running_train_loss=32.479430
[epoch 053 step 001500/005625] batch_loss=32.045338 running_train_loss=32.381061
[epoch 053 step 001600/005625] batch_loss=31.476238 running_train_loss=32.367597
[epoch 053 step 001700/005625] batch_loss=29.504084 running_train_loss=32.272180
[epoch 053 step 001800/005625] batch_loss=34.820385 running_train_loss=32.146227
[epoch 053 step 001900/005625] batch_loss=33.958977 running_train_loss=32.115456
[epoch 053 step 002000/005625] batch_loss=24.148512 running_train_loss=32.094633
[epoch 053 step 002100/005625] batch_loss=30.773088 running_train_loss=32.080959
[epoch 053 step 002200/005625] batch_loss=27.392242 running_train_loss=32.049456
[epoch 053 step 002300/005625] batch_loss=34.077805 running_train_loss=32.017565
[epoch 053 step 002400/005625] batch_loss=25.948408 running_train_loss=31.993781
[epoch 053 step 002500/005625] batch_loss=40.487831 running_train_loss=31.948770
[epoch 053 step 002600/005625] batch_loss=27.679159 running_train_loss=31.929512
[epoch 053 step 002700/005625] batch_loss=31.691196 running_train_loss=31.910971
[epoch 053 step 002800/005625] batch_loss=35.097267 running_train_loss=31.929357
[epoch 053 step 002900/005625] batch_loss=40.358871 running_train_loss=31.941130
[epoch 053 step 003000/005625] batch_loss=23.388357 running_train_loss=31.946943
[epoch 053 step 003100/005625] batch_loss=33.811729 running_train_loss=31.932590
[epoch 053 step 003200/005625] batch_loss=34.464439 running_train_loss=31.930056
[epoch 053 step 003300/005625] batch_loss=27.873672 running_train_loss=31.941401
[epoch 053 step 003400/005625] batch_loss=29.659105 running_train_loss=31.920507
[epoch 053 step 003500/005625] batch_loss=22.618933 running_train_loss=31.925688
[epoch 053 step 003600/005625] batch_loss=25.673113 running_train_loss=31.949952
[epoch 053 step 003700/005625] batch_loss=31.496965 running_train_loss=31.945344
[epoch 053 step 003800/005625] batch_loss=38.474598 running_train_loss=31.930586
[epoch 053 step 003900/005625] batch_loss=35.101414 running_train_loss=31.959439
[epoch 053 step 004000/005625] batch_loss=30.461622 running_train_loss=31.993345
[epoch 053 step 004100/005625] batch_loss=43.642807 running_train_loss=32.011398
[epoch 053 step 004200/005625] batch_loss=28.564995 running_train_loss=31.992805
[epoch 053 step 004300/005625] batch_loss=37.882912 running_train_loss=32.008017
[epoch 053 step 004400/005625] batch_loss=37.179085 running_train_loss=31.989126
[epoch 053 step 004500/005625] batch_loss=24.946480 running_train_loss=31.969682
[epoch 053 step 004600/005625] batch_loss=31.345108 running_train_loss=31.962041
[epoch 053 step 004700/005625] batch_loss=25.966078 running_train_loss=32.003600
[epoch 053 step 004800/005625] batch_loss=27.723434 running_train_loss=31.987117
[epoch 053 step 004900/005625] batch_loss=31.995029 running_train_loss=31.988459
[epoch 053 step 005000/005625] batch_loss=24.226727 running_train_loss=32.033272
[epoch 053 step 005100/005625] batch_loss=36.488132 running_train_loss=32.048531
[epoch 053 step 005200/005625] batch_loss=28.715252 running_train_loss=32.042425
[epoch 053 step 005300/005625] batch_loss=31.292244 running_train_loss=32.036538
[epoch 053 step 005400/005625] batch_loss=31.966515 running_train_loss=32.033772
[epoch 053 step 005500/005625] batch_loss=26.608852 running_train_loss=32.026646
[epoch 053 step 005600/005625] batch_loss=39.086075 running_train_loss=32.139759
Validation starting ...
Epoch [053/60] train_loss=32.133641 val_loss=33.045324 best_val=32.930027 best_epoch=52 lr=3.00e-05 time=8.9 min

--------------------------------------------------------------------------------
Starting epoch 54/60 at 2026-06-17T16:30:57
[epoch 054 step 000100/005625] batch_loss=30.926600 running_train_loss=33.081093
[epoch 054 step 000200/005625] batch_loss=37.157806 running_train_loss=32.734074
[epoch 054 step 000300/005625] batch_loss=25.685860 running_train_loss=32.704735
[epoch 054 step 000400/005625] batch_loss=25.422857 running_train_loss=32.372371
[epoch 054 step 000500/005625] batch_loss=29.958004 running_train_loss=32.540708
[epoch 054 step 000600/005625] batch_loss=29.174904 running_train_loss=32.616202
[epoch 054 step 000700/005625] batch_loss=33.032848 running_train_loss=32.580699
[epoch 054 step 000800/005625] batch_loss=35.537384 running_train_loss=32.535582
[epoch 054 step 000900/005625] batch_loss=28.373606 running_train_loss=32.495905
[epoch 054 step 001000/005625] batch_loss=30.946327 running_train_loss=32.650262
[epoch 054 step 001100/005625] batch_loss=24.711195 running_train_loss=32.563698
[epoch 054 step 001200/005625] batch_loss=29.713898 running_train_loss=32.503457
[epoch 054 step 001300/005625] batch_loss=27.605480 running_train_loss=32.501613
[epoch 054 step 001400/005625] batch_loss=31.886417 running_train_loss=32.454460
[epoch 054 step 001500/005625] batch_loss=32.193443 running_train_loss=32.357602
[epoch 054 step 001600/005625] batch_loss=31.547020 running_train_loss=32.346361
[epoch 054 step 001700/005625] batch_loss=29.612398 running_train_loss=32.248390
[epoch 054 step 001800/005625] batch_loss=34.645653 running_train_loss=32.122894
[epoch 054 step 001900/005625] batch_loss=33.954388 running_train_loss=32.092936
[epoch 054 step 002000/005625] batch_loss=24.062206 running_train_loss=32.071146
[epoch 054 step 002100/005625] batch_loss=30.731012 running_train_loss=32.057972
[epoch 054 step 002200/005625] batch_loss=27.491566 running_train_loss=32.026575
[epoch 054 step 002300/005625] batch_loss=34.018570 running_train_loss=31.994964
[epoch 054 step 002400/005625] batch_loss=25.961773 running_train_loss=31.971935
[epoch 054 step 002500/005625] batch_loss=40.464699 running_train_loss=31.926937
[epoch 054 step 002600/005625] batch_loss=27.751551 running_train_loss=31.906425
[epoch 054 step 002700/005625] batch_loss=31.680553 running_train_loss=31.887439
[epoch 054 step 002800/005625] batch_loss=34.855488 running_train_loss=31.905513
[epoch 054 step 002900/005625] batch_loss=40.291348 running_train_loss=31.916760
[epoch 054 step 003000/005625] batch_loss=23.460932 running_train_loss=31.922369
[epoch 054 step 003100/005625] batch_loss=33.740490 running_train_loss=31.908625
[epoch 054 step 003200/005625] batch_loss=34.419411 running_train_loss=31.906417
[epoch 054 step 003300/005625] batch_loss=27.916636 running_train_loss=31.917736
[epoch 054 step 003400/005625] batch_loss=29.785748 running_train_loss=31.896340
[epoch 054 step 003500/005625] batch_loss=22.524021 running_train_loss=31.901923
[epoch 054 step 003600/005625] batch_loss=25.669189 running_train_loss=31.925989
[epoch 054 step 003700/005625] batch_loss=31.521389 running_train_loss=31.920581
[epoch 054 step 003800/005625] batch_loss=38.515030 running_train_loss=31.907123
[epoch 054 step 003900/005625] batch_loss=35.074360 running_train_loss=31.936017
[epoch 054 step 004000/005625] batch_loss=30.415325 running_train_loss=31.969821
[epoch 054 step 004100/005625] batch_loss=43.578182 running_train_loss=31.987499
[epoch 054 step 004200/005625] batch_loss=28.603073 running_train_loss=31.969256
[epoch 054 step 004300/005625] batch_loss=37.606949 running_train_loss=31.983888
[epoch 054 step 004400/005625] batch_loss=37.085705 running_train_loss=31.964551
[epoch 054 step 004500/005625] batch_loss=24.928612 running_train_loss=31.944894
[epoch 054 step 004600/005625] batch_loss=31.358738 running_train_loss=31.937555
[epoch 054 step 004700/005625] batch_loss=25.909351 running_train_loss=31.979349
[epoch 054 step 004800/005625] batch_loss=27.648600 running_train_loss=31.962767
[epoch 054 step 004900/005625] batch_loss=31.956196 running_train_loss=31.964105
[epoch 054 step 005000/005625] batch_loss=24.308250 running_train_loss=32.009052
[epoch 054 step 005100/005625] batch_loss=36.486294 running_train_loss=32.025055
[epoch 054 step 005200/005625] batch_loss=28.682281 running_train_loss=32.018749
[epoch 054 step 005300/005625] batch_loss=31.265285 running_train_loss=32.012984
[epoch 054 step 005400/005625] batch_loss=32.015053 running_train_loss=32.010546
[epoch 054 step 005500/005625] batch_loss=26.607098 running_train_loss=32.003339
[epoch 054 step 005600/005625] batch_loss=39.023144 running_train_loss=32.117408
Validation starting ...
Epoch [054/60] train_loss=32.111091 val_loss=32.991351 best_val=32.930027 best_epoch=52 lr=3.00e-05 time=8.9 min

--------------------------------------------------------------------------------
Starting epoch 55/60 at 2026-06-17T16:39:53
[epoch 055 step 000100/005625] batch_loss=30.846407 running_train_loss=33.074735
[epoch 055 step 000200/005625] batch_loss=37.085583 running_train_loss=32.714967
[epoch 055 step 000300/005625] batch_loss=25.569708 running_train_loss=32.668833
[epoch 055 step 000400/005625] batch_loss=25.323755 running_train_loss=32.328896
[epoch 055 step 000500/005625] batch_loss=29.977001 running_train_loss=32.505160
[epoch 055 step 000600/005625] batch_loss=29.220594 running_train_loss=32.584595
[epoch 055 step 000700/005625] batch_loss=32.994152 running_train_loss=32.550297
[epoch 055 step 000800/005625] batch_loss=35.506371 running_train_loss=32.502348
[epoch 055 step 000900/005625] batch_loss=28.306707 running_train_loss=32.463317
[epoch 055 step 001000/005625] batch_loss=30.873758 running_train_loss=32.616859
[epoch 055 step 001100/005625] batch_loss=24.601713 running_train_loss=32.530591
[epoch 055 step 001200/005625] batch_loss=29.774136 running_train_loss=32.470115
[epoch 055 step 001300/005625] batch_loss=27.445692 running_train_loss=32.467984
[epoch 055 step 001400/005625] batch_loss=31.749969 running_train_loss=32.422479
[epoch 055 step 001500/005625] batch_loss=32.193684 running_train_loss=32.326272
[epoch 055 step 001600/005625] batch_loss=31.437035 running_train_loss=32.313571
[epoch 055 step 001700/005625] batch_loss=29.364285 running_train_loss=32.216583
[epoch 055 step 001800/005625] batch_loss=34.659698 running_train_loss=32.090485
[epoch 055 step 001900/005625] batch_loss=33.891891 running_train_loss=32.061113
[epoch 055 step 002000/005625] batch_loss=24.014236 running_train_loss=32.038980
[epoch 055 step 002100/005625] batch_loss=30.772581 running_train_loss=32.025600
[epoch 055 step 002200/005625] batch_loss=27.515631 running_train_loss=31.993740
[epoch 055 step 002300/005625] batch_loss=33.951809 running_train_loss=31.961816
[epoch 055 step 002400/005625] batch_loss=25.913338 running_train_loss=31.938689
[epoch 055 step 002500/005625] batch_loss=40.514812 running_train_loss=31.893849
[epoch 055 step 002600/005625] batch_loss=27.608263 running_train_loss=31.874976
[epoch 055 step 002700/005625] batch_loss=31.641972 running_train_loss=31.856341
[epoch 055 step 002800/005625] batch_loss=34.920765 running_train_loss=31.873850
[epoch 055 step 002900/005625] batch_loss=40.404381 running_train_loss=31.885645
[epoch 055 step 003000/005625] batch_loss=23.309507 running_train_loss=31.891302
[epoch 055 step 003100/005625] batch_loss=33.780125 running_train_loss=31.877131
[epoch 055 step 003200/005625] batch_loss=34.455296 running_train_loss=31.876480
[epoch 055 step 003300/005625] batch_loss=27.890882 running_train_loss=31.888079
[epoch 055 step 003400/005625] batch_loss=29.640913 running_train_loss=31.865948
[epoch 055 step 003500/005625] batch_loss=22.496374 running_train_loss=31.871949
[epoch 055 step 003600/005625] batch_loss=25.648359 running_train_loss=31.895678
[epoch 055 step 003700/005625] batch_loss=31.449844 running_train_loss=31.890938
[epoch 055 step 003800/005625] batch_loss=38.418869 running_train_loss=31.877064
[epoch 055 step 003900/005625] batch_loss=35.070896 running_train_loss=31.905764
[epoch 055 step 004000/005625] batch_loss=30.288540 running_train_loss=31.940222
[epoch 055 step 004100/005625] batch_loss=43.427799 running_train_loss=31.958284
[epoch 055 step 004200/005625] batch_loss=28.484489 running_train_loss=31.939785
[epoch 055 step 004300/005625] batch_loss=37.740200 running_train_loss=31.954876
[epoch 055 step 004400/005625] batch_loss=37.042316 running_train_loss=31.935780
[epoch 055 step 004500/005625] batch_loss=24.865997 running_train_loss=31.916470
[epoch 055 step 004600/005625] batch_loss=31.309694 running_train_loss=31.908917
[epoch 055 step 004700/005625] batch_loss=25.882689 running_train_loss=31.951084
[epoch 055 step 004800/005625] batch_loss=27.713594 running_train_loss=31.934775
[epoch 055 step 004900/005625] batch_loss=32.030746 running_train_loss=31.936064
[epoch 055 step 005000/005625] batch_loss=24.199745 running_train_loss=31.980800
[epoch 055 step 005100/005625] batch_loss=36.416191 running_train_loss=31.996434
[epoch 055 step 005200/005625] batch_loss=28.661421 running_train_loss=31.990309
[epoch 055 step 005300/005625] batch_loss=31.229309 running_train_loss=31.984565
[epoch 055 step 005400/005625] batch_loss=31.975660 running_train_loss=31.982165
[epoch 055 step 005500/005625] batch_loss=26.562798 running_train_loss=31.975364
[epoch 055 step 005600/005625] batch_loss=38.932133 running_train_loss=32.088758
Validation starting ...
Epoch [055/60] train_loss=32.082486 val_loss=33.011634 best_val=32.930027 best_epoch=52 lr=3.00e-05 time=8.9 min

--------------------------------------------------------------------------------
Starting epoch 56/60 at 2026-06-17T16:48:48
[epoch 056 step 000100/005625] batch_loss=30.833305 running_train_loss=33.011645
[epoch 056 step 000200/005625] batch_loss=37.109848 running_train_loss=32.680915
[epoch 056 step 000300/005625] batch_loss=25.558290 running_train_loss=32.621114
[epoch 056 step 000400/005625] batch_loss=25.341305 running_train_loss=32.281730
[epoch 056 step 000500/005625] batch_loss=29.934053 running_train_loss=32.460428
[epoch 056 step 000600/005625] batch_loss=29.149117 running_train_loss=32.541731
[epoch 056 step 000700/005625] batch_loss=32.947758 running_train_loss=32.508892
[epoch 056 step 000800/005625] batch_loss=35.439701 running_train_loss=32.464437
[epoch 056 step 000900/005625] batch_loss=28.310579 running_train_loss=32.428302
[epoch 056 step 001000/005625] batch_loss=30.762554 running_train_loss=32.579908
[epoch 056 step 001100/005625] batch_loss=24.515291 running_train_loss=32.493235
[epoch 056 step 001200/005625] batch_loss=29.642410 running_train_loss=32.434597
[epoch 056 step 001300/005625] batch_loss=27.550446 running_train_loss=32.434965
[epoch 056 step 001400/005625] batch_loss=31.831215 running_train_loss=32.387627
[epoch 056 step 001500/005625] batch_loss=32.189682 running_train_loss=32.292448
[epoch 056 step 001600/005625] batch_loss=31.478214 running_train_loss=32.281942
[epoch 056 step 001700/005625] batch_loss=29.474876 running_train_loss=32.185549
[epoch 056 step 001800/005625] batch_loss=34.505444 running_train_loss=32.062244
[epoch 056 step 001900/005625] batch_loss=33.932949 running_train_loss=32.032276
[epoch 056 step 002000/005625] batch_loss=24.073324 running_train_loss=32.010812
[epoch 056 step 002100/005625] batch_loss=30.596977 running_train_loss=31.998296
[epoch 056 step 002200/005625] batch_loss=27.475065 running_train_loss=31.967837
[epoch 056 step 002300/005625] batch_loss=33.956059 running_train_loss=31.936201
[epoch 056 step 002400/005625] batch_loss=25.969946 running_train_loss=31.913337
[epoch 056 step 002500/005625] batch_loss=40.477345 running_train_loss=31.868699
[epoch 056 step 002600/005625] batch_loss=27.598324 running_train_loss=31.849652
[epoch 056 step 002700/005625] batch_loss=31.663696 running_train_loss=31.830560
[epoch 056 step 002800/005625] batch_loss=34.710625 running_train_loss=31.848445
[epoch 056 step 002900/005625] batch_loss=40.186298 running_train_loss=31.859932
[epoch 056 step 003000/005625] batch_loss=23.310802 running_train_loss=31.865613
[epoch 056 step 003100/005625] batch_loss=33.661148 running_train_loss=31.851241
[epoch 056 step 003200/005625] batch_loss=34.364662 running_train_loss=31.850193
[epoch 056 step 003300/005625] batch_loss=27.848898 running_train_loss=31.861523
[epoch 056 step 003400/005625] batch_loss=29.637445 running_train_loss=31.839899
[epoch 056 step 003500/005625] batch_loss=22.728704 running_train_loss=31.844900
[epoch 056 step 003600/005625] batch_loss=25.603624 running_train_loss=31.869290
[epoch 056 step 003700/005625] batch_loss=31.290247 running_train_loss=31.863944
[epoch 056 step 003800/005625] batch_loss=38.364681 running_train_loss=31.850016
[epoch 056 step 003900/005625] batch_loss=35.196182 running_train_loss=31.879532
[epoch 056 step 004000/005625] batch_loss=30.227701 running_train_loss=31.913980
[epoch 056 step 004100/005625] batch_loss=43.381138 running_train_loss=31.931881
[epoch 056 step 004200/005625] batch_loss=28.517879 running_train_loss=31.914161
[epoch 056 step 004300/005625] batch_loss=37.566780 running_train_loss=31.927993
[epoch 056 step 004400/005625] batch_loss=37.102066 running_train_loss=31.909264
[epoch 056 step 004500/005625] batch_loss=24.852055 running_train_loss=31.889398
[epoch 056 step 004600/005625] batch_loss=31.306000 running_train_loss=31.881867
[epoch 056 step 004700/005625] batch_loss=25.820799 running_train_loss=31.923562
[epoch 056 step 004800/005625] batch_loss=27.630039 running_train_loss=31.906922
[epoch 056 step 004900/005625] batch_loss=32.055367 running_train_loss=31.908628
[epoch 056 step 005000/005625] batch_loss=24.246729 running_train_loss=31.953740
[epoch 056 step 005100/005625] batch_loss=36.284950 running_train_loss=31.969162
[epoch 056 step 005200/005625] batch_loss=28.669764 running_train_loss=31.962849
[epoch 056 step 005300/005625] batch_loss=31.188444 running_train_loss=31.957051
[epoch 056 step 005400/005625] batch_loss=31.911348 running_train_loss=31.954420
[epoch 056 step 005500/005625] batch_loss=26.493656 running_train_loss=31.947283
[epoch 056 step 005600/005625] batch_loss=38.849598 running_train_loss=32.061169
Validation starting ...
Epoch [056/60] train_loss=32.054920 val_loss=33.118507 best_val=32.930027 best_epoch=52 lr=3.00e-05 time=8.9 min

--------------------------------------------------------------------------------
Starting epoch 57/60 at 2026-06-17T16:57:43
[epoch 057 step 000100/005625] batch_loss=30.832850 running_train_loss=33.007467
[epoch 057 step 000200/005625] batch_loss=36.966454 running_train_loss=32.658697
[epoch 057 step 000300/005625] batch_loss=25.669249 running_train_loss=32.634337
[epoch 057 step 000400/005625] batch_loss=25.316975 running_train_loss=32.294979
[epoch 057 step 000500/005625] batch_loss=29.941437 running_train_loss=32.462882
[epoch 057 step 000600/005625] batch_loss=29.218624 running_train_loss=32.539560
[epoch 057 step 000700/005625] batch_loss=32.884983 running_train_loss=32.507032
[epoch 057 step 000800/005625] batch_loss=35.380840 running_train_loss=32.457055
[epoch 057 step 000900/005625] batch_loss=28.186689 running_train_loss=32.420176
[epoch 057 step 001000/005625] batch_loss=30.917608 running_train_loss=32.577632
[epoch 057 step 001100/005625] batch_loss=24.450115 running_train_loss=32.489208
[epoch 057 step 001200/005625] batch_loss=29.565367 running_train_loss=32.429143
[epoch 057 step 001300/005625] batch_loss=27.565811 running_train_loss=32.427237
[epoch 057 step 001400/005625] batch_loss=31.700853 running_train_loss=32.376924
[epoch 057 step 001500/005625] batch_loss=32.174252 running_train_loss=32.278537
[epoch 057 step 001600/005625] batch_loss=31.416098 running_train_loss=32.266129
[epoch 057 step 001700/005625] batch_loss=29.464357 running_train_loss=32.168339
[epoch 057 step 001800/005625] batch_loss=34.623360 running_train_loss=32.042971
[epoch 057 step 001900/005625] batch_loss=33.914783 running_train_loss=32.012861
[epoch 057 step 002000/005625] batch_loss=24.110029 running_train_loss=31.991263
[epoch 057 step 002100/005625] batch_loss=30.528404 running_train_loss=31.978738
[epoch 057 step 002200/005625] batch_loss=27.446539 running_train_loss=31.947805
[epoch 057 step 002300/005625] batch_loss=33.856789 running_train_loss=31.916429
[epoch 057 step 002400/005625] batch_loss=25.923405 running_train_loss=31.892818
[epoch 057 step 002500/005625] batch_loss=40.491077 running_train_loss=31.848221
[epoch 057 step 002600/005625] batch_loss=27.925457 running_train_loss=31.829497
[epoch 057 step 002700/005625] batch_loss=31.691923 running_train_loss=31.810102
[epoch 057 step 002800/005625] batch_loss=35.071110 running_train_loss=31.828448
[epoch 057 step 002900/005625] batch_loss=40.268726 running_train_loss=31.840313
[epoch 057 step 003000/005625] batch_loss=23.365301 running_train_loss=31.845794
[epoch 057 step 003100/005625] batch_loss=33.663498 running_train_loss=31.833757
[epoch 057 step 003200/005625] batch_loss=34.319145 running_train_loss=31.832472
[epoch 057 step 003300/005625] batch_loss=27.685940 running_train_loss=31.844374
[epoch 057 step 003400/005625] batch_loss=29.546280 running_train_loss=31.822097
[epoch 057 step 003500/005625] batch_loss=22.573837 running_train_loss=31.826864
[epoch 057 step 003600/005625] batch_loss=25.597561 running_train_loss=31.852204
[epoch 057 step 003700/005625] batch_loss=31.286430 running_train_loss=31.847281
[epoch 057 step 003800/005625] batch_loss=38.317726 running_train_loss=31.832747
[epoch 057 step 003900/005625] batch_loss=35.109936 running_train_loss=31.862285
[epoch 057 step 004000/005625] batch_loss=30.347921 running_train_loss=31.896191
[epoch 057 step 004100/005625] batch_loss=43.581768 running_train_loss=31.914062
[epoch 057 step 004200/005625] batch_loss=28.457382 running_train_loss=31.896359
[epoch 057 step 004300/005625] batch_loss=37.724560 running_train_loss=31.910837
[epoch 057 step 004400/005625] batch_loss=36.976189 running_train_loss=31.891675
[epoch 057 step 004500/005625] batch_loss=24.860060 running_train_loss=31.872233
[epoch 057 step 004600/005625] batch_loss=31.348564 running_train_loss=31.865055
[epoch 057 step 004700/005625] batch_loss=25.791256 running_train_loss=31.906615
[epoch 057 step 004800/005625] batch_loss=27.529768 running_train_loss=31.890207
[epoch 057 step 004900/005625] batch_loss=31.870552 running_train_loss=31.891766
[epoch 057 step 005000/005625] batch_loss=24.295965 running_train_loss=31.936776
[epoch 057 step 005100/005625] batch_loss=36.357021 running_train_loss=31.952809
[epoch 057 step 005200/005625] batch_loss=28.648882 running_train_loss=31.946569
[epoch 057 step 005300/005625] batch_loss=31.181076 running_train_loss=31.940992
[epoch 057 step 005400/005625] batch_loss=31.957193 running_train_loss=31.938462
[epoch 057 step 005500/005625] batch_loss=26.562773 running_train_loss=31.931668
[epoch 057 step 005600/005625] batch_loss=38.879536 running_train_loss=32.043674
Validation starting ...
Epoch [057/60] train_loss=32.037479 val_loss=33.013094 best_val=32.930027 best_epoch=52 lr=3.00e-05 time=8.9 min

--------------------------------------------------------------------------------
Starting epoch 58/60 at 2026-06-17T17:06:39
[epoch 058 step 000100/005625] batch_loss=30.824495 running_train_loss=32.943109
[epoch 058 step 000200/005625] batch_loss=36.932777 running_train_loss=32.620560
[epoch 058 step 000300/005625] batch_loss=25.614754 running_train_loss=32.595565
[epoch 058 step 000400/005625] batch_loss=25.402672 running_train_loss=32.256258
[epoch 058 step 000500/005625] batch_loss=29.968733 running_train_loss=32.431415
[epoch 058 step 000600/005625] batch_loss=29.188185 running_train_loss=32.509924
[epoch 058 step 000700/005625] batch_loss=32.819435 running_train_loss=32.476236
[epoch 058 step 000800/005625] batch_loss=35.330532 running_train_loss=32.427930
[epoch 058 step 000900/005625] batch_loss=28.276394 running_train_loss=32.391941
[epoch 058 step 001000/005625] batch_loss=30.738831 running_train_loss=32.545376
[epoch 058 step 001100/005625] batch_loss=24.497505 running_train_loss=32.458405
[epoch 058 step 001200/005625] batch_loss=29.538702 running_train_loss=32.399875
[epoch 058 step 001300/005625] batch_loss=27.519917 running_train_loss=32.398406
[epoch 058 step 001400/005625] batch_loss=31.637302 running_train_loss=32.355263
[epoch 058 step 001500/005625] batch_loss=32.115227 running_train_loss=32.258509
[epoch 058 step 001600/005625] batch_loss=31.369862 running_train_loss=32.245958
[epoch 058 step 001700/005625] batch_loss=29.632248 running_train_loss=32.148862
[epoch 058 step 001800/005625] batch_loss=34.476143 running_train_loss=32.023363
[epoch 058 step 001900/005625] batch_loss=33.845402 running_train_loss=31.993395
[epoch 058 step 002000/005625] batch_loss=23.911711 running_train_loss=31.971157
[epoch 058 step 002100/005625] batch_loss=30.730925 running_train_loss=31.956724
[epoch 058 step 002200/005625] batch_loss=27.465532 running_train_loss=31.925533
[epoch 058 step 002300/005625] batch_loss=33.879093 running_train_loss=31.894404
[epoch 058 step 002400/005625] batch_loss=25.969215 running_train_loss=31.870144
[epoch 058 step 002500/005625] batch_loss=40.376724 running_train_loss=31.825155
[epoch 058 step 002600/005625] batch_loss=27.690544 running_train_loss=31.805800
[epoch 058 step 002700/005625] batch_loss=31.593140 running_train_loss=31.785857
[epoch 058 step 002800/005625] batch_loss=34.799332 running_train_loss=31.803453
[epoch 058 step 002900/005625] batch_loss=40.163979 running_train_loss=31.815244
[epoch 058 step 003000/005625] batch_loss=23.497952 running_train_loss=31.821261
[epoch 058 step 003100/005625] batch_loss=33.600430 running_train_loss=31.807470
[epoch 058 step 003200/005625] batch_loss=34.268192 running_train_loss=31.805700
[epoch 058 step 003300/005625] batch_loss=27.691223 running_train_loss=31.817269
[epoch 058 step 003400/005625] batch_loss=29.577669 running_train_loss=31.796145
[epoch 058 step 003500/005625] batch_loss=22.552357 running_train_loss=31.800517
[epoch 058 step 003600/005625] batch_loss=25.548912 running_train_loss=31.824473
[epoch 058 step 003700/005625] batch_loss=31.532740 running_train_loss=31.819599
[epoch 058 step 003800/005625] batch_loss=38.435005 running_train_loss=31.806481
[epoch 058 step 003900/005625] batch_loss=35.043941 running_train_loss=31.834847
[epoch 058 step 004000/005625] batch_loss=30.293840 running_train_loss=31.868544
[epoch 058 step 004100/005625] batch_loss=43.341702 running_train_loss=31.886345
[epoch 058 step 004200/005625] batch_loss=28.475412 running_train_loss=31.868376
[epoch 058 step 004300/005625] batch_loss=37.542381 running_train_loss=31.882619
[epoch 058 step 004400/005625] batch_loss=36.930939 running_train_loss=31.863222
[epoch 058 step 004500/005625] batch_loss=24.872698 running_train_loss=31.844114
[epoch 058 step 004600/005625] batch_loss=31.292921 running_train_loss=31.837286
[epoch 058 step 004700/005625] batch_loss=25.769093 running_train_loss=31.879204
[epoch 058 step 004800/005625] batch_loss=27.679766 running_train_loss=31.863068
[epoch 058 step 004900/005625] batch_loss=31.974913 running_train_loss=31.864945
[epoch 058 step 005000/005625] batch_loss=24.099792 running_train_loss=31.909476
[epoch 058 step 005100/005625] batch_loss=36.335171 running_train_loss=31.924916
[epoch 058 step 005200/005625] batch_loss=28.599443 running_train_loss=31.918637
[epoch 058 step 005300/005625] batch_loss=31.223137 running_train_loss=31.913218
[epoch 058 step 005400/005625] batch_loss=31.907518 running_train_loss=31.910975
[epoch 058 step 005500/005625] batch_loss=26.492683 running_train_loss=31.903724
[epoch 058 step 005600/005625] batch_loss=38.902824 running_train_loss=32.016807
Validation starting ...
Epoch [058/60] train_loss=32.010613 val_loss=33.025136 best_val=32.930027 best_epoch=52 lr=3.00e-05 time=8.9 min

--------------------------------------------------------------------------------
Starting epoch 59/60 at 2026-06-17T17:15:36
[epoch 059 step 000100/005625] batch_loss=30.682648 running_train_loss=32.935459
[epoch 059 step 000200/005625] batch_loss=36.928410 running_train_loss=32.590194
[epoch 059 step 000300/005625] batch_loss=25.544134 running_train_loss=32.567939
[epoch 059 step 000400/005625] batch_loss=25.330664 running_train_loss=32.227691
[epoch 059 step 000500/005625] batch_loss=29.880537 running_train_loss=32.405072
[epoch 059 step 000600/005625] batch_loss=29.113512 running_train_loss=32.484149
[epoch 059 step 000700/005625] batch_loss=32.816227 running_train_loss=32.451640
[epoch 059 step 000800/005625] batch_loss=35.246246 running_train_loss=32.401901
[epoch 059 step 000900/005625] batch_loss=28.344147 running_train_loss=32.366190
[epoch 059 step 001000/005625] batch_loss=30.695606 running_train_loss=32.519085
[epoch 059 step 001100/005625] batch_loss=24.593422 running_train_loss=32.432435
[epoch 059 step 001200/005625] batch_loss=29.448273 running_train_loss=32.373328
[epoch 059 step 001300/005625] batch_loss=27.471621 running_train_loss=32.373550
[epoch 059 step 001400/005625] batch_loss=31.634111 running_train_loss=32.325468
[epoch 059 step 001500/005625] batch_loss=32.102901 running_train_loss=32.228130
[epoch 059 step 001600/005625] batch_loss=31.364737 running_train_loss=32.216077
[epoch 059 step 001700/005625] batch_loss=29.393173 running_train_loss=32.118372
[epoch 059 step 001800/005625] batch_loss=34.329735 running_train_loss=31.992514
[epoch 059 step 001900/005625] batch_loss=33.878231 running_train_loss=31.962766
[epoch 059 step 002000/005625] batch_loss=23.889303 running_train_loss=31.940418
[epoch 059 step 002100/005625] batch_loss=30.560919 running_train_loss=31.926624
[epoch 059 step 002200/005625] batch_loss=27.377527 running_train_loss=31.895910
[epoch 059 step 002300/005625] batch_loss=33.845493 running_train_loss=31.864623
[epoch 059 step 002400/005625] batch_loss=25.851679 running_train_loss=31.840761
[epoch 059 step 002500/005625] batch_loss=40.403381 running_train_loss=31.796087
[epoch 059 step 002600/005625] batch_loss=27.787050 running_train_loss=31.776985
[epoch 059 step 002700/005625] batch_loss=31.576004 running_train_loss=31.757179
[epoch 059 step 002800/005625] batch_loss=34.706760 running_train_loss=31.775058
[epoch 059 step 002900/005625] batch_loss=40.194164 running_train_loss=31.787092
[epoch 059 step 003000/005625] batch_loss=23.115379 running_train_loss=31.793235
[epoch 059 step 003100/005625] batch_loss=33.584694 running_train_loss=31.779677
[epoch 059 step 003200/005625] batch_loss=34.267715 running_train_loss=31.778026
[epoch 059 step 003300/005625] batch_loss=27.568193 running_train_loss=31.789979
[epoch 059 step 003400/005625] batch_loss=29.561199 running_train_loss=31.767860
[epoch 059 step 003500/005625] batch_loss=22.434101 running_train_loss=31.773495
[epoch 059 step 003600/005625] batch_loss=25.516352 running_train_loss=31.797136
[epoch 059 step 003700/005625] batch_loss=31.288034 running_train_loss=31.791468
[epoch 059 step 003800/005625] batch_loss=38.313942 running_train_loss=31.778838
[epoch 059 step 003900/005625] batch_loss=35.101048 running_train_loss=31.808255
[epoch 059 step 004000/005625] batch_loss=30.305901 running_train_loss=31.842203
[epoch 059 step 004100/005625] batch_loss=43.610146 running_train_loss=31.860443
[epoch 059 step 004200/005625] batch_loss=28.397499 running_train_loss=31.843223
[epoch 059 step 004300/005625] batch_loss=37.574387 running_train_loss=31.857228
[epoch 059 step 004400/005625] batch_loss=37.039803 running_train_loss=31.838368
[epoch 059 step 004500/005625] batch_loss=24.861362 running_train_loss=31.819305
[epoch 059 step 004600/005625] batch_loss=31.431280 running_train_loss=31.811755
[epoch 059 step 004700/005625] batch_loss=25.725527 running_train_loss=31.853508
[epoch 059 step 004800/005625] batch_loss=27.498213 running_train_loss=31.837220
[epoch 059 step 004900/005625] batch_loss=31.930922 running_train_loss=31.839079
[epoch 059 step 005000/005625] batch_loss=24.208426 running_train_loss=31.884732
[epoch 059 step 005100/005625] batch_loss=36.254459 running_train_loss=31.900167
[epoch 059 step 005200/005625] batch_loss=28.617239 running_train_loss=31.893834
[epoch 059 step 005300/005625] batch_loss=31.177221 running_train_loss=31.888503
[epoch 059 step 005400/005625] batch_loss=31.800890 running_train_loss=31.886188
[epoch 059 step 005500/005625] batch_loss=26.478245 running_train_loss=31.879281
[epoch 059 step 005600/005625] batch_loss=38.830490 running_train_loss=31.992378
Validation starting ...
Epoch [059/60] train_loss=31.986082 val_loss=33.077433 best_val=32.930027 best_epoch=52 lr=1.50e-05 time=8.9 min

--------------------------------------------------------------------------------
Starting epoch 60/60 at 2026-06-17T17:24:33
[epoch 060 step 000100/005625] batch_loss=30.493237 running_train_loss=32.852634
[epoch 060 step 000200/005625] batch_loss=36.970135 running_train_loss=32.479925
[epoch 060 step 000300/005625] batch_loss=25.612946 running_train_loss=32.441424
[epoch 060 step 000400/005625] batch_loss=25.490469 running_train_loss=32.115230
[epoch 060 step 000500/005625] batch_loss=29.774441 running_train_loss=32.288656
[epoch 060 step 000600/005625] batch_loss=29.009447 running_train_loss=32.363890
[epoch 060 step 000700/005625] batch_loss=32.803535 running_train_loss=32.334274
[epoch 060 step 000800/005625] batch_loss=35.341393 running_train_loss=32.287047
[epoch 060 step 000900/005625] batch_loss=28.270185 running_train_loss=32.252170
[epoch 060 step 001000/005625] batch_loss=30.745588 running_train_loss=32.407034
[epoch 060 step 001100/005625] batch_loss=24.307030 running_train_loss=32.320424
[epoch 060 step 001200/005625] batch_loss=29.326183 running_train_loss=32.260417
[epoch 060 step 001300/005625] batch_loss=27.328186 running_train_loss=32.258089
[epoch 060 step 001400/005625] batch_loss=31.487209 running_train_loss=32.209719
[epoch 060 step 001500/005625] batch_loss=31.915520 running_train_loss=32.113945
[epoch 060 step 001600/005625] batch_loss=31.338945 running_train_loss=32.102792
[epoch 060 step 001700/005625] batch_loss=28.813675 running_train_loss=32.004814
[epoch 060 step 001800/005625] batch_loss=34.200245 running_train_loss=31.880877
[epoch 060 step 001900/005625] batch_loss=33.948944 running_train_loss=31.851836
[epoch 060 step 002000/005625] batch_loss=23.753382 running_train_loss=31.829147
[epoch 060 step 002100/005625] batch_loss=30.261166 running_train_loss=31.814646
[epoch 060 step 002200/005625] batch_loss=27.155066 running_train_loss=31.784658
[epoch 060 step 002300/005625] batch_loss=33.705151 running_train_loss=31.754589
[epoch 060 step 002400/005625] batch_loss=25.768894 running_train_loss=31.731323
[epoch 060 step 002500/005625] batch_loss=40.346539 running_train_loss=31.686809
[epoch 060 step 002600/005625] batch_loss=27.351604 running_train_loss=31.667073
[epoch 060 step 002700/005625] batch_loss=31.644396 running_train_loss=31.647527
[epoch 060 step 002800/005625] batch_loss=34.536797 running_train_loss=31.665145
[epoch 060 step 002900/005625] batch_loss=39.777172 running_train_loss=31.676666
[epoch 060 step 003000/005625] batch_loss=23.035271 running_train_loss=31.681832
[epoch 060 step 003100/005625] batch_loss=33.465931 running_train_loss=31.670339
[epoch 060 step 003200/005625] batch_loss=34.294197 running_train_loss=31.669112
[epoch 060 step 003300/005625] batch_loss=27.419544 running_train_loss=31.680117
[epoch 060 step 003400/005625] batch_loss=29.684675 running_train_loss=31.659529
[epoch 060 step 003500/005625] batch_loss=22.267614 running_train_loss=31.665637
[epoch 060 step 003600/005625] batch_loss=25.573252 running_train_loss=31.689520
[epoch 060 step 003700/005625] batch_loss=31.309778 running_train_loss=31.685428
[epoch 060 step 003800/005625] batch_loss=38.216412 running_train_loss=31.671053
[epoch 060 step 003900/005625] batch_loss=34.955860 running_train_loss=31.699176
[epoch 060 step 004000/005625] batch_loss=30.035067 running_train_loss=31.732781
[epoch 060 step 004100/005625] batch_loss=42.881050 running_train_loss=31.750780
[epoch 060 step 004200/005625] batch_loss=28.420340 running_train_loss=31.732187
[epoch 060 step 004300/005625] batch_loss=37.406475 running_train_loss=31.745856
[epoch 060 step 004400/005625] batch_loss=36.929764 running_train_loss=31.727167
[epoch 060 step 004500/005625] batch_loss=24.957623 running_train_loss=31.707635
[epoch 060 step 004600/005625] batch_loss=31.214525 running_train_loss=31.700353
[epoch 060 step 004700/005625] batch_loss=25.789328 running_train_loss=31.741935
[epoch 060 step 004800/005625] batch_loss=27.494799 running_train_loss=31.726328
[epoch 060 step 004900/005625] batch_loss=32.428829 running_train_loss=31.728420
[epoch 060 step 005000/005625] batch_loss=24.108765 running_train_loss=31.773061
[epoch 060 step 005100/005625] batch_loss=35.865467 running_train_loss=31.788761
[epoch 060 step 005200/005625] batch_loss=28.636057 running_train_loss=31.782792
[epoch 060 step 005300/005625] batch_loss=31.088026 running_train_loss=31.777280
[epoch 060 step 005400/005625] batch_loss=31.752777 running_train_loss=31.774560
[epoch 060 step 005500/005625] batch_loss=26.343365 running_train_loss=31.768170
[epoch 060 step 005600/005625] batch_loss=38.477921 running_train_loss=31.880230
Validation starting ...
Saved new best model: val_loss=32.706861
Epoch [060/60] train_loss=31.874038 val_loss=32.706861 best_val=32.706861 best_epoch=60 lr=1.50e-05 time=8.9 min

Done.
Best val loss: 32.706861 at epoch 60
